ISO-10303-21;
HEADER;
FILE_DESCRIPTION(('Open CASCADE Model'),'2;1');
FILE_NAME('arty-ethernet-light-pipe','2000-01-01T00:00:00',('Author'),(
    'Open CASCADE'),'Open CASCADE STEP processor 7.9','Open CASCADE 7.9'
  ,'Unknown');
FILE_SCHEMA(('AUTOMOTIVE_DESIGN { 1 0 10303 214 1 1 1 1 }'));
ENDSEC;
DATA;
#1 = APPLICATION_PROTOCOL_DEFINITION('international standard',
  'automotive_design',2000,#2);
#2 = APPLICATION_CONTEXT(
  'core data for automotive mechanical design processes');
#3 = SHAPE_DEFINITION_REPRESENTATION(#4,#10);
#4 = PRODUCT_DEFINITION_SHAPE('','',#5);
#5 = PRODUCT_DEFINITION('design','',#6,#9);
#6 = PRODUCT_DEFINITION_FORMATION('','',#7);
#7 = PRODUCT('Open CASCADE STEP translator 7.9 1',
  'Open CASCADE STEP translator 7.9 1','',(#8));
#8 = PRODUCT_CONTEXT('',#2,'mechanical');
#9 = PRODUCT_DEFINITION_CONTEXT('part definition',#2,'design');
#10 = ADVANCED_BREP_SHAPE_REPRESENTATION('',(#11,#15),#4247);
#11 = AXIS2_PLACEMENT_3D('',#12,#13,#14);
#12 = CARTESIAN_POINT('',(0.,0.,0.));
#13 = DIRECTION('',(0.,0.,1.));
#14 = DIRECTION('',(1.,0.,-0.));
#15 = MANIFOLD_SOLID_BREP('',#16);
#16 = CLOSED_SHELL('',(#17,#135,#265,#341,#470,#694,#798,#857,#959,#1014
    ,#1182,#1231,#1258,#1307,#1370,#1516,#1565,#1592,#1641,#1712,#1739,
    #1793,#1820,#1895,#2131,#2138,#2164,#2373,#2383,#2415,#2442,#2467,
    #2492,#2519,#2546,#2648,#2777,#2831,#3030,#3117,#3166,#3213,#3238,
    #3363,#3435,#3491,#3518,#3701,#3750,#3882,#3909,#3958,#4007,#4034,
    #4042,#4049,#4104,#4145,#4233,#4240));
#17 = ADVANCED_FACE('',(#18),#32,.F.);
#18 = FACE_BOUND('',#19,.F.);
#19 = EDGE_LOOP('',(#20,#55,#83,#111));
#20 = ORIENTED_EDGE('',*,*,#21,.F.);
#21 = EDGE_CURVE('',#22,#24,#26,.T.);
#22 = VERTEX_POINT('',#23);
#23 = CARTESIAN_POINT('',(-6.427,-9.99,11.09));
#24 = VERTEX_POINT('',#25);
#25 = CARTESIAN_POINT('',(-6.427,-9.99,13.494));
#26 = SURFACE_CURVE('',#27,(#31,#43),.PCURVE_S1.);
#27 = LINE('',#28,#29);
#28 = CARTESIAN_POINT('',(-6.427,-9.99,11.09));
#29 = VECTOR('',#30,1.);
#30 = DIRECTION('',(0.,0.,1.));
#31 = PCURVE('',#32,#37);
#32 = PLANE('',#33);
#33 = AXIS2_PLACEMENT_3D('',#34,#35,#36);
#34 = CARTESIAN_POINT('',(-6.427,-9.99,11.09));
#35 = DIRECTION('',(1.,0.,-0.));
#36 = DIRECTION('',(0.,0.,1.));
#37 = DEFINITIONAL_REPRESENTATION('',(#38),#42);
#38 = LINE('',#39,#40);
#39 = CARTESIAN_POINT('',(0.,0.));
#40 = VECTOR('',#41,1.);
#41 = DIRECTION('',(1.,0.));
#42 = ( GEOMETRIC_REPRESENTATION_CONTEXT(2) 
PARAMETRIC_REPRESENTATION_CONTEXT() REPRESENTATION_CONTEXT('2D SPACE',''
  ) );
#43 = PCURVE('',#44,#49);
#44 = PLANE('',#45);
#45 = AXIS2_PLACEMENT_3D('',#46,#47,#48);
#46 = CARTESIAN_POINT('',(-6.427,-9.99,11.09));
#47 = DIRECTION('',(-0.,1.,0.));
#48 = DIRECTION('',(0.,0.,1.));
#49 = DEFINITIONAL_REPRESENTATION('',(#50),#54);
#50 = LINE('',#51,#52);
#51 = CARTESIAN_POINT('',(0.,0.));
#52 = VECTOR('',#53,1.);
#53 = DIRECTION('',(1.,0.));
#54 = ( GEOMETRIC_REPRESENTATION_CONTEXT(2) 
PARAMETRIC_REPRESENTATION_CONTEXT() REPRESENTATION_CONTEXT('2D SPACE',''
  ) );
#55 = ORIENTED_EDGE('',*,*,#56,.T.);
#56 = EDGE_CURVE('',#22,#57,#59,.T.);
#57 = VERTEX_POINT('',#58);
#58 = CARTESIAN_POINT('',(-6.427,-4.08,11.09));
#59 = SURFACE_CURVE('',#60,(#64,#71),.PCURVE_S1.);
#60 = LINE('',#61,#62);
#61 = CARTESIAN_POINT('',(-6.427,-9.99,11.09));
#62 = VECTOR('',#63,1.);
#63 = DIRECTION('',(-0.,1.,0.));
#64 = PCURVE('',#32,#65);
#65 = DEFINITIONAL_REPRESENTATION('',(#66),#70);
#66 = LINE('',#67,#68);
#67 = CARTESIAN_POINT('',(0.,0.));
#68 = VECTOR('',#69,1.);
#69 = DIRECTION('',(0.,-1.));
#70 = ( GEOMETRIC_REPRESENTATION_CONTEXT(2) 
PARAMETRIC_REPRESENTATION_CONTEXT() REPRESENTATION_CONTEXT('2D SPACE',''
  ) );
#71 = PCURVE('',#72,#77);
#72 = PLANE('',#73);
#73 = AXIS2_PLACEMENT_3D('',#74,#75,#76);
#74 = CARTESIAN_POINT('',(-6.427,-9.99,11.09));
#75 = DIRECTION('',(0.,0.,1.));
#76 = DIRECTION('',(1.,0.,-0.));
#77 = DEFINITIONAL_REPRESENTATION('',(#78),#82);
#78 = LINE('',#79,#80);
#79 = CARTESIAN_POINT('',(0.,0.));
#80 = VECTOR('',#81,1.);
#81 = DIRECTION('',(0.,1.));
#82 = ( GEOMETRIC_REPRESENTATION_CONTEXT(2) 
PARAMETRIC_REPRESENTATION_CONTEXT() REPRESENTATION_CONTEXT('2D SPACE',''
  ) );
#83 = ORIENTED_EDGE('',*,*,#84,.T.);
#84 = EDGE_CURVE('',#57,#85,#87,.T.);
#85 = VERTEX_POINT('',#86);
#86 = CARTESIAN_POINT('',(-6.427,-4.08,13.494));
#87 = SURFACE_CURVE('',#88,(#92,#99),.PCURVE_S1.);
#88 = LINE('',#89,#90);
#89 = CARTESIAN_POINT('',(-6.427,-4.08,11.09));
#90 = VECTOR('',#91,1.);
#91 = DIRECTION('',(0.,0.,1.));
#92 = PCURVE('',#32,#93);
#93 = DEFINITIONAL_REPRESENTATION('',(#94),#98);
#94 = LINE('',#95,#96);
#95 = CARTESIAN_POINT('',(0.,-5.91));
#96 = VECTOR('',#97,1.);
#97 = DIRECTION('',(1.,0.));
#98 = ( GEOMETRIC_REPRESENTATION_CONTEXT(2) 
PARAMETRIC_REPRESENTATION_CONTEXT() REPRESENTATION_CONTEXT('2D SPACE',''
  ) );
#99 = PCURVE('',#100,#105);
#100 = PLANE('',#101);
#101 = AXIS2_PLACEMENT_3D('',#102,#103,#104);
#102 = CARTESIAN_POINT('',(-6.427,-4.08,11.09));
#103 = DIRECTION('',(-0.,1.,0.));
#104 = DIRECTION('',(0.,0.,1.));
#105 = DEFINITIONAL_REPRESENTATION('',(#106),#110);
#106 = LINE('',#107,#108);
#107 = CARTESIAN_POINT('',(0.,0.));
#108 = VECTOR('',#109,1.);
#109 = DIRECTION('',(1.,0.));
#110 = ( GEOMETRIC_REPRESENTATION_CONTEXT(2) 
PARAMETRIC_REPRESENTATION_CONTEXT() REPRESENTATION_CONTEXT('2D SPACE',''
  ) );
#111 = ORIENTED_EDGE('',*,*,#112,.T.);
#112 = EDGE_CURVE('',#85,#24,#113,.T.);
#113 = SURFACE_CURVE('',#114,(#118,#124),.PCURVE_S1.);
#114 = LINE('',#115,#116);
#115 = CARTESIAN_POINT('',(-6.427,-19.995,13.494));
#116 = VECTOR('',#117,1.);
#117 = DIRECTION('',(0.,-1.,0.));
#118 = PCURVE('',#32,#119);
#119 = DEFINITIONAL_REPRESENTATION('',(#120),#123);
#120 = B_SPLINE_CURVE_WITH_KNOTS('',1,(#121,#122),.UNSPECIFIED.,.F.,.F.,
  (2,2),(-15.915,-10.005),.PIECEWISE_BEZIER_KNOTS.);
#121 = CARTESIAN_POINT('',(2.404,-5.91));
#122 = CARTESIAN_POINT('',(2.404,0.));
#123 = ( GEOMETRIC_REPRESENTATION_CONTEXT(2) 
PARAMETRIC_REPRESENTATION_CONTEXT() REPRESENTATION_CONTEXT('2D SPACE',''
  ) );
#124 = PCURVE('',#125,#130);
#125 = PLANE('',#126);
#126 = AXIS2_PLACEMENT_3D('',#127,#128,#129);
#127 = CARTESIAN_POINT('',(-21.21320343559,-30.,-1.292203435596));
#128 = DIRECTION('',(-0.707106781187,0.,0.707106781187));
#129 = DIRECTION('',(0.707106781187,0.,0.707106781187));
#130 = DEFINITIONAL_REPRESENTATION('',(#131),#134);
#131 = B_SPLINE_CURVE_WITH_KNOTS('',1,(#132,#133),.UNSPECIFIED.,.F.,.F.,
  (2,2),(-15.915,-10.005),.PIECEWISE_BEZIER_KNOTS.);
#132 = CARTESIAN_POINT('',(20.910849434628,25.92));
#133 = CARTESIAN_POINT('',(20.910849434628,20.01));
#134 = ( GEOMETRIC_REPRESENTATION_CONTEXT(2) 
PARAMETRIC_REPRESENTATION_CONTEXT() REPRESENTATION_CONTEXT('2D SPACE',''
  ) );
#135 = ADVANCED_FACE('',(#136),#44,.F.);
#136 = FACE_BOUND('',#137,.F.);
#137 = EDGE_LOOP('',(#138,#168,#189,#190,#211,#239));
#138 = ORIENTED_EDGE('',*,*,#139,.F.);
#139 = EDGE_CURVE('',#140,#142,#144,.T.);
#140 = VERTEX_POINT('',#141);
#141 = CARTESIAN_POINT('',(0.,-9.99,11.09));
#142 = VERTEX_POINT('',#143);
#143 = CARTESIAN_POINT('',(0.,-9.99,14.477));
#144 = SURFACE_CURVE('',#145,(#149,#156),.PCURVE_S1.);
#145 = LINE('',#146,#147);
#146 = CARTESIAN_POINT('',(0.,-9.99,11.09));
#147 = VECTOR('',#148,1.);
#148 = DIRECTION('',(0.,0.,1.));
#149 = PCURVE('',#44,#150);
#150 = DEFINITIONAL_REPRESENTATION('',(#151),#155);
#151 = LINE('',#152,#153);
#152 = CARTESIAN_POINT('',(0.,6.427));
#153 = VECTOR('',#154,1.);
#154 = DIRECTION('',(1.,0.));
#155 = ( GEOMETRIC_REPRESENTATION_CONTEXT(2) 
PARAMETRIC_REPRESENTATION_CONTEXT() REPRESENTATION_CONTEXT('2D SPACE',''
  ) );
#156 = PCURVE('',#157,#162);
#157 = PLANE('',#158);
#158 = AXIS2_PLACEMENT_3D('',#159,#160,#161);
#159 = CARTESIAN_POINT('',(0.,-9.99,6.95));
#160 = DIRECTION('',(-0.,1.,0.));
#161 = DIRECTION('',(0.,0.,1.));
#162 = DEFINITIONAL_REPRESENTATION('',(#163),#167);
#163 = LINE('',#164,#165);
#164 = CARTESIAN_POINT('',(4.14,0.));
#165 = VECTOR('',#166,1.);
#166 = DIRECTION('',(1.,0.));
#167 = ( GEOMETRIC_REPRESENTATION_CONTEXT(2) 
PARAMETRIC_REPRESENTATION_CONTEXT() REPRESENTATION_CONTEXT('2D SPACE',''
  ) );
#168 = ORIENTED_EDGE('',*,*,#169,.F.);
#169 = EDGE_CURVE('',#22,#140,#170,.T.);
#170 = SURFACE_CURVE('',#171,(#175,#182),.PCURVE_S1.);
#171 = LINE('',#172,#173);
#172 = CARTESIAN_POINT('',(-6.427,-9.99,11.09));
#173 = VECTOR('',#174,1.);
#174 = DIRECTION('',(1.,0.,-0.));
#175 = PCURVE('',#44,#176);
#176 = DEFINITIONAL_REPRESENTATION('',(#177),#181);
#177 = LINE('',#178,#179);
#178 = CARTESIAN_POINT('',(0.,0.));
#179 = VECTOR('',#180,1.);
#180 = DIRECTION('',(0.,1.));
#181 = ( GEOMETRIC_REPRESENTATION_CONTEXT(2) 
PARAMETRIC_REPRESENTATION_CONTEXT() REPRESENTATION_CONTEXT('2D SPACE',''
  ) );
#182 = PCURVE('',#72,#183);
#183 = DEFINITIONAL_REPRESENTATION('',(#184),#188);
#184 = LINE('',#185,#186);
#185 = CARTESIAN_POINT('',(0.,0.));
#186 = VECTOR('',#187,1.);
#187 = DIRECTION('',(1.,0.));
#188 = ( GEOMETRIC_REPRESENTATION_CONTEXT(2) 
PARAMETRIC_REPRESENTATION_CONTEXT() REPRESENTATION_CONTEXT('2D SPACE',''
  ) );
#189 = ORIENTED_EDGE('',*,*,#21,.T.);
#190 = ORIENTED_EDGE('',*,*,#191,.T.);
#191 = EDGE_CURVE('',#24,#192,#194,.T.);
#192 = VERTEX_POINT('',#193);
#193 = CARTESIAN_POINT('',(-3.544,-9.99,16.377));
#194 = SURFACE_CURVE('',#195,(#199,#205),.PCURVE_S1.);
#195 = LINE('',#196,#197);
#196 = CARTESIAN_POINT('',(-14.42110171779,-9.99,5.499898282202));
#197 = VECTOR('',#198,1.);
#198 = DIRECTION('',(0.707106781187,0.,0.707106781187));
#199 = PCURVE('',#44,#200);
#200 = DEFINITIONAL_REPRESENTATION('',(#201),#204);
#201 = B_SPLINE_CURVE_WITH_KNOTS('',1,(#202,#203),.UNSPECIFIED.,.F.,.F.,
  (2,2),(11.3053670683,15.382544768622),.PIECEWISE_BEZIER_KNOTS.);
#202 = CARTESIAN_POINT('',(2.404,0.));
#203 = CARTESIAN_POINT('',(5.287,2.883));
#204 = ( GEOMETRIC_REPRESENTATION_CONTEXT(2) 
PARAMETRIC_REPRESENTATION_CONTEXT() REPRESENTATION_CONTEXT('2D SPACE',''
  ) );
#205 = PCURVE('',#125,#206);
#206 = DEFINITIONAL_REPRESENTATION('',(#207),#210);
#207 = B_SPLINE_CURVE_WITH_KNOTS('',1,(#208,#209),.UNSPECIFIED.,.F.,.F.,
  (2,2),(11.3053670683,15.382544768622),.PIECEWISE_BEZIER_KNOTS.);
#208 = CARTESIAN_POINT('',(20.910849434628,20.01));
#209 = CARTESIAN_POINT('',(24.98802713495,20.01));
#210 = ( GEOMETRIC_REPRESENTATION_CONTEXT(2) 
PARAMETRIC_REPRESENTATION_CONTEXT() REPRESENTATION_CONTEXT('2D SPACE',''
  ) );
#211 = ORIENTED_EDGE('',*,*,#212,.T.);
#212 = EDGE_CURVE('',#192,#213,#215,.T.);
#213 = VERTEX_POINT('',#214);
#214 = CARTESIAN_POINT('',(0.,-9.99,16.377));
#215 = SURFACE_CURVE('',#216,(#220,#227),.PCURVE_S1.);
#216 = LINE('',#217,#218);
#217 = CARTESIAN_POINT('',(-6.427,-9.99,16.377));
#218 = VECTOR('',#219,1.);
#219 = DIRECTION('',(1.,0.,-0.));
#220 = PCURVE('',#44,#221);
#221 = DEFINITIONAL_REPRESENTATION('',(#222),#226);
#222 = LINE('',#223,#224);
#223 = CARTESIAN_POINT('',(5.287,0.));
#224 = VECTOR('',#225,1.);
#225 = DIRECTION('',(0.,1.));
#226 = ( GEOMETRIC_REPRESENTATION_CONTEXT(2) 
PARAMETRIC_REPRESENTATION_CONTEXT() REPRESENTATION_CONTEXT('2D SPACE',''
  ) );
#227 = PCURVE('',#228,#233);
#228 = PLANE('',#229);
#229 = AXIS2_PLACEMENT_3D('',#230,#231,#232);
#230 = CARTESIAN_POINT('',(-6.427,-9.99,16.377));
#231 = DIRECTION('',(0.,0.,1.));
#232 = DIRECTION('',(1.,0.,-0.));
#233 = DEFINITIONAL_REPRESENTATION('',(#234),#238);
#234 = LINE('',#235,#236);
#235 = CARTESIAN_POINT('',(0.,0.));
#236 = VECTOR('',#237,1.);
#237 = DIRECTION('',(1.,0.));
#238 = ( GEOMETRIC_REPRESENTATION_CONTEXT(2) 
PARAMETRIC_REPRESENTATION_CONTEXT() REPRESENTATION_CONTEXT('2D SPACE',''
  ) );
#239 = ORIENTED_EDGE('',*,*,#240,.F.);
#240 = EDGE_CURVE('',#142,#213,#241,.T.);
#241 = SURFACE_CURVE('',#242,(#246,#253),.PCURVE_S1.);
#242 = LINE('',#243,#244);
#243 = CARTESIAN_POINT('',(0.,-9.99,11.09));
#244 = VECTOR('',#245,1.);
#245 = DIRECTION('',(0.,0.,1.));
#246 = PCURVE('',#44,#247);
#247 = DEFINITIONAL_REPRESENTATION('',(#248),#252);
#248 = LINE('',#249,#250);
#249 = CARTESIAN_POINT('',(0.,6.427));
#250 = VECTOR('',#251,1.);
#251 = DIRECTION('',(1.,0.));
#252 = ( GEOMETRIC_REPRESENTATION_CONTEXT(2) 
PARAMETRIC_REPRESENTATION_CONTEXT() REPRESENTATION_CONTEXT('2D SPACE',''
  ) );
#253 = PCURVE('',#254,#259);
#254 = PLANE('',#255);
#255 = AXIS2_PLACEMENT_3D('',#256,#257,#258);
#256 = CARTESIAN_POINT('',(0.,-9.99,6.95));
#257 = DIRECTION('',(-0.,1.,0.));
#258 = DIRECTION('',(0.,0.,1.));
#259 = DEFINITIONAL_REPRESENTATION('',(#260),#264);
#260 = LINE('',#261,#262);
#261 = CARTESIAN_POINT('',(4.14,0.));
#262 = VECTOR('',#263,1.);
#263 = DIRECTION('',(1.,0.));
#264 = ( GEOMETRIC_REPRESENTATION_CONTEXT(2) 
PARAMETRIC_REPRESENTATION_CONTEXT() REPRESENTATION_CONTEXT('2D SPACE',''
  ) );
#265 = ADVANCED_FACE('',(#266,#310),#125,.T.);
#266 = FACE_BOUND('',#267,.T.);
#267 = EDGE_LOOP('',(#268,#289,#290,#291));
#268 = ORIENTED_EDGE('',*,*,#269,.F.);
#269 = EDGE_CURVE('',#85,#270,#272,.T.);
#270 = VERTEX_POINT('',#271);
#271 = CARTESIAN_POINT('',(-3.544,-4.08,16.377));
#272 = SURFACE_CURVE('',#273,(#277,#283),.PCURVE_S1.);
#273 = LINE('',#274,#275);
#274 = CARTESIAN_POINT('',(-14.42110171779,-4.08,5.499898282202));
#275 = VECTOR('',#276,1.);
#276 = DIRECTION('',(0.707106781187,0.,0.707106781187));
#277 = PCURVE('',#125,#278);
#278 = DEFINITIONAL_REPRESENTATION('',(#279),#282);
#279 = B_SPLINE_CURVE_WITH_KNOTS('',1,(#280,#281),.UNSPECIFIED.,.F.,.F.,
  (2,2),(11.3053670683,15.382544768622),.PIECEWISE_BEZIER_KNOTS.);
#280 = CARTESIAN_POINT('',(20.910849434628,25.92));
#281 = CARTESIAN_POINT('',(24.98802713495,25.92));
#282 = ( GEOMETRIC_REPRESENTATION_CONTEXT(2) 
PARAMETRIC_REPRESENTATION_CONTEXT() REPRESENTATION_CONTEXT('2D SPACE',''
  ) );
#283 = PCURVE('',#100,#284);
#284 = DEFINITIONAL_REPRESENTATION('',(#285),#288);
#285 = B_SPLINE_CURVE_WITH_KNOTS('',1,(#286,#287),.UNSPECIFIED.,.F.,.F.,
  (2,2),(11.3053670683,15.382544768622),.PIECEWISE_BEZIER_KNOTS.);
#286 = CARTESIAN_POINT('',(2.404,0.));
#287 = CARTESIAN_POINT('',(5.287,2.883));
#288 = ( GEOMETRIC_REPRESENTATION_CONTEXT(2) 
PARAMETRIC_REPRESENTATION_CONTEXT() REPRESENTATION_CONTEXT('2D SPACE',''
  ) );
#289 = ORIENTED_EDGE('',*,*,#112,.T.);
#290 = ORIENTED_EDGE('',*,*,#191,.T.);
#291 = ORIENTED_EDGE('',*,*,#292,.F.);
#292 = EDGE_CURVE('',#270,#192,#293,.T.);
#293 = SURFACE_CURVE('',#294,(#298,#304),.PCURVE_S1.);
#294 = LINE('',#295,#296);
#295 = CARTESIAN_POINT('',(-3.544,-19.995,16.377));
#296 = VECTOR('',#297,1.);
#297 = DIRECTION('',(0.,-1.,0.));
#298 = PCURVE('',#125,#299);
#299 = DEFINITIONAL_REPRESENTATION('',(#300),#303);
#300 = B_SPLINE_CURVE_WITH_KNOTS('',1,(#301,#302),.UNSPECIFIED.,.F.,.F.,
  (2,2),(-15.915,-10.005),.PIECEWISE_BEZIER_KNOTS.);
#301 = CARTESIAN_POINT('',(24.98802713495,25.92));
#302 = CARTESIAN_POINT('',(24.98802713495,20.01));
#303 = ( GEOMETRIC_REPRESENTATION_CONTEXT(2) 
PARAMETRIC_REPRESENTATION_CONTEXT() REPRESENTATION_CONTEXT('2D SPACE',''
  ) );
#304 = PCURVE('',#228,#305);
#305 = DEFINITIONAL_REPRESENTATION('',(#306),#309);
#306 = B_SPLINE_CURVE_WITH_KNOTS('',1,(#307,#308),.UNSPECIFIED.,.F.,.F.,
  (2,2),(-15.915,-10.005),.PIECEWISE_BEZIER_KNOTS.);
#307 = CARTESIAN_POINT('',(2.883,5.91));
#308 = CARTESIAN_POINT('',(2.883,0.));
#309 = ( GEOMETRIC_REPRESENTATION_CONTEXT(2) 
PARAMETRIC_REPRESENTATION_CONTEXT() REPRESENTATION_CONTEXT('2D SPACE',''
  ) );
#310 = FACE_BOUND('',#311,.T.);
#311 = EDGE_LOOP('',(#312));
#312 = ORIENTED_EDGE('',*,*,#313,.F.);
#313 = EDGE_CURVE('',#314,#314,#316,.T.);
#314 = VERTEX_POINT('',#315);
#315 = CARTESIAN_POINT('',(-3.980124099468,-6.48,15.940875900532));
#316 = SURFACE_CURVE('',#317,(#322,#329),.PCURVE_S1.);
#317 = CIRCLE('',#318,1.46);
#318 = AXIS2_PLACEMENT_3D('',#319,#320,#321);
#319 = CARTESIAN_POINT('',(-5.0125,-6.48,14.9085));
#320 = DIRECTION('',(-0.707106781187,0.,0.707106781187));
#321 = DIRECTION('',(0.707106781187,0.,0.707106781187));
#322 = PCURVE('',#125,#323);
#323 = DEFINITIONAL_REPRESENTATION('',(#324),#328);
#324 = CIRCLE('',#325,1.46);
#325 = AXIS2_PLACEMENT_2D('',#326,#327);
#326 = CARTESIAN_POINT('',(22.911254518605,23.52));
#327 = DIRECTION('',(1.,0.));
#328 = ( GEOMETRIC_REPRESENTATION_CONTEXT(2) 
PARAMETRIC_REPRESENTATION_CONTEXT() REPRESENTATION_CONTEXT('2D SPACE',''
  ) );
#329 = PCURVE('',#330,#335);
#330 = CYLINDRICAL_SURFACE('',#331,1.46);
#331 = AXIS2_PLACEMENT_3D('',#332,#333,#334);
#332 = CARTESIAN_POINT('',(-3.598213562373,-6.48,13.494213562373));
#333 = DIRECTION('',(-0.707106781187,0.,0.707106781187));
#334 = DIRECTION('',(0.707106781187,0.,0.707106781187));
#335 = DEFINITIONAL_REPRESENTATION('',(#336),#340);
#336 = LINE('',#337,#338);
#337 = CARTESIAN_POINT('',(0.,2.000103061172));
#338 = VECTOR('',#339,1.);
#339 = DIRECTION('',(1.,0.));
#340 = ( GEOMETRIC_REPRESENTATION_CONTEXT(2) 
PARAMETRIC_REPRESENTATION_CONTEXT() REPRESENTATION_CONTEXT('2D SPACE',''
  ) );
#341 = ADVANCED_FACE('',(#342),#100,.T.);
#342 = FACE_BOUND('',#343,.T.);
#343 = EDGE_LOOP('',(#344,#374,#395,#396,#397,#420,#446));
#344 = ORIENTED_EDGE('',*,*,#345,.F.);
#345 = EDGE_CURVE('',#346,#348,#350,.T.);
#346 = VERTEX_POINT('',#347);
#347 = CARTESIAN_POINT('',(0.,-4.08,11.09));
#348 = VERTEX_POINT('',#349);
#349 = CARTESIAN_POINT('',(0.,-4.08,12.977));
#350 = SURFACE_CURVE('',#351,(#355,#362),.PCURVE_S1.);
#351 = LINE('',#352,#353);
#352 = CARTESIAN_POINT('',(0.,-4.08,11.09));
#353 = VECTOR('',#354,1.);
#354 = DIRECTION('',(0.,0.,1.));
#355 = PCURVE('',#100,#356);
#356 = DEFINITIONAL_REPRESENTATION('',(#357),#361);
#357 = LINE('',#358,#359);
#358 = CARTESIAN_POINT('',(0.,6.427));
#359 = VECTOR('',#360,1.);
#360 = DIRECTION('',(1.,0.));
#361 = ( GEOMETRIC_REPRESENTATION_CONTEXT(2) 
PARAMETRIC_REPRESENTATION_CONTEXT() REPRESENTATION_CONTEXT('2D SPACE',''
  ) );
#362 = PCURVE('',#363,#368);
#363 = PLANE('',#364);
#364 = AXIS2_PLACEMENT_3D('',#365,#366,#367);
#365 = CARTESIAN_POINT('',(0.,-9.99,11.09));
#366 = DIRECTION('',(1.,0.,-0.));
#367 = DIRECTION('',(0.,0.,1.));
#368 = DEFINITIONAL_REPRESENTATION('',(#369),#373);
#369 = LINE('',#370,#371);
#370 = CARTESIAN_POINT('',(0.,-5.91));
#371 = VECTOR('',#372,1.);
#372 = DIRECTION('',(1.,0.));
#373 = ( GEOMETRIC_REPRESENTATION_CONTEXT(2) 
PARAMETRIC_REPRESENTATION_CONTEXT() REPRESENTATION_CONTEXT('2D SPACE',''
  ) );
#374 = ORIENTED_EDGE('',*,*,#375,.F.);
#375 = EDGE_CURVE('',#57,#346,#376,.T.);
#376 = SURFACE_CURVE('',#377,(#381,#388),.PCURVE_S1.);
#377 = LINE('',#378,#379);
#378 = CARTESIAN_POINT('',(-6.427,-4.08,11.09));
#379 = VECTOR('',#380,1.);
#380 = DIRECTION('',(1.,0.,-0.));
#381 = PCURVE('',#100,#382);
#382 = DEFINITIONAL_REPRESENTATION('',(#383),#387);
#383 = LINE('',#384,#385);
#384 = CARTESIAN_POINT('',(0.,0.));
#385 = VECTOR('',#386,1.);
#386 = DIRECTION('',(0.,1.));
#387 = ( GEOMETRIC_REPRESENTATION_CONTEXT(2) 
PARAMETRIC_REPRESENTATION_CONTEXT() REPRESENTATION_CONTEXT('2D SPACE',''
  ) );
#388 = PCURVE('',#72,#389);
#389 = DEFINITIONAL_REPRESENTATION('',(#390),#394);
#390 = LINE('',#391,#392);
#391 = CARTESIAN_POINT('',(0.,5.91));
#392 = VECTOR('',#393,1.);
#393 = DIRECTION('',(1.,0.));
#394 = ( GEOMETRIC_REPRESENTATION_CONTEXT(2) 
PARAMETRIC_REPRESENTATION_CONTEXT() REPRESENTATION_CONTEXT('2D SPACE',''
  ) );
#395 = ORIENTED_EDGE('',*,*,#84,.T.);
#396 = ORIENTED_EDGE('',*,*,#269,.T.);
#397 = ORIENTED_EDGE('',*,*,#398,.T.);
#398 = EDGE_CURVE('',#270,#399,#401,.T.);
#399 = VERTEX_POINT('',#400);
#400 = CARTESIAN_POINT('',(-1.5,-4.08,16.377));
#401 = SURFACE_CURVE('',#402,(#406,#413),.PCURVE_S1.);
#402 = LINE('',#403,#404);
#403 = CARTESIAN_POINT('',(-6.427,-4.08,16.377));
#404 = VECTOR('',#405,1.);
#405 = DIRECTION('',(1.,0.,-0.));
#406 = PCURVE('',#100,#407);
#407 = DEFINITIONAL_REPRESENTATION('',(#408),#412);
#408 = LINE('',#409,#410);
#409 = CARTESIAN_POINT('',(5.287,0.));
#410 = VECTOR('',#411,1.);
#411 = DIRECTION('',(0.,1.));
#412 = ( GEOMETRIC_REPRESENTATION_CONTEXT(2) 
PARAMETRIC_REPRESENTATION_CONTEXT() REPRESENTATION_CONTEXT('2D SPACE',''
  ) );
#413 = PCURVE('',#228,#414);
#414 = DEFINITIONAL_REPRESENTATION('',(#415),#419);
#415 = LINE('',#416,#417);
#416 = CARTESIAN_POINT('',(0.,5.91));
#417 = VECTOR('',#418,1.);
#418 = DIRECTION('',(1.,0.));
#419 = ( GEOMETRIC_REPRESENTATION_CONTEXT(2) 
PARAMETRIC_REPRESENTATION_CONTEXT() REPRESENTATION_CONTEXT('2D SPACE',''
  ) );
#420 = ORIENTED_EDGE('',*,*,#421,.T.);
#421 = EDGE_CURVE('',#399,#422,#424,.T.);
#422 = VERTEX_POINT('',#423);
#423 = CARTESIAN_POINT('',(-1.5,-4.08,12.977));
#424 = SURFACE_CURVE('',#425,(#429,#435),.PCURVE_S1.);
#425 = LINE('',#426,#427);
#426 = CARTESIAN_POINT('',(-1.5,-4.08,12.0335));
#427 = VECTOR('',#428,1.);
#428 = DIRECTION('',(-0.,0.,-1.));
#429 = PCURVE('',#100,#430);
#430 = DEFINITIONAL_REPRESENTATION('',(#431),#434);
#431 = B_SPLINE_CURVE_WITH_KNOTS('',1,(#432,#433),.UNSPECIFIED.,.F.,.F.,
  (2,2),(-4.3435,-0.9435),.PIECEWISE_BEZIER_KNOTS.);
#432 = CARTESIAN_POINT('',(5.287,4.927));
#433 = CARTESIAN_POINT('',(1.887,4.927));
#434 = ( GEOMETRIC_REPRESENTATION_CONTEXT(2) 
PARAMETRIC_REPRESENTATION_CONTEXT() REPRESENTATION_CONTEXT('2D SPACE',''
  ) );
#435 = PCURVE('',#436,#441);
#436 = PLANE('',#437);
#437 = AXIS2_PLACEMENT_3D('',#438,#439,#440);
#438 = CARTESIAN_POINT('',(-1.5,-4.4,12.977));
#439 = DIRECTION('',(1.,0.,-0.));
#440 = DIRECTION('',(0.,0.,1.));
#441 = DEFINITIONAL_REPRESENTATION('',(#442),#445);
#442 = B_SPLINE_CURVE_WITH_KNOTS('',1,(#443,#444),.UNSPECIFIED.,.F.,.F.,
  (2,2),(-4.3435,-0.9435),.PIECEWISE_BEZIER_KNOTS.);
#443 = CARTESIAN_POINT('',(3.4,-0.32));
#444 = CARTESIAN_POINT('',(0.,-0.32));
#445 = ( GEOMETRIC_REPRESENTATION_CONTEXT(2) 
PARAMETRIC_REPRESENTATION_CONTEXT() REPRESENTATION_CONTEXT('2D SPACE',''
  ) );
#446 = ORIENTED_EDGE('',*,*,#447,.T.);
#447 = EDGE_CURVE('',#422,#348,#448,.T.);
#448 = SURFACE_CURVE('',#449,(#453,#459),.PCURVE_S1.);
#449 = LINE('',#450,#451);
#450 = CARTESIAN_POINT('',(-3.9635,-4.08,12.977));
#451 = VECTOR('',#452,1.);
#452 = DIRECTION('',(1.,0.,-0.));
#453 = PCURVE('',#100,#454);
#454 = DEFINITIONAL_REPRESENTATION('',(#455),#458);
#455 = B_SPLINE_CURVE_WITH_KNOTS('',1,(#456,#457),.UNSPECIFIED.,.F.,.F.,
  (2,2),(2.4635,3.9635),.PIECEWISE_BEZIER_KNOTS.);
#456 = CARTESIAN_POINT('',(1.887,4.927));
#457 = CARTESIAN_POINT('',(1.887,6.427));
#458 = ( GEOMETRIC_REPRESENTATION_CONTEXT(2) 
PARAMETRIC_REPRESENTATION_CONTEXT() REPRESENTATION_CONTEXT('2D SPACE',''
  ) );
#459 = PCURVE('',#460,#465);
#460 = PLANE('',#461);
#461 = AXIS2_PLACEMENT_3D('',#462,#463,#464);
#462 = CARTESIAN_POINT('',(-1.5,-4.4,12.977));
#463 = DIRECTION('',(0.,0.,1.));
#464 = DIRECTION('',(1.,0.,-0.));
#465 = DEFINITIONAL_REPRESENTATION('',(#466),#469);
#466 = B_SPLINE_CURVE_WITH_KNOTS('',1,(#467,#468),.UNSPECIFIED.,.F.,.F.,
  (2,2),(2.4635,3.9635),.PIECEWISE_BEZIER_KNOTS.);
#467 = CARTESIAN_POINT('',(0.,0.32));
#468 = CARTESIAN_POINT('',(1.5,0.32));
#469 = ( GEOMETRIC_REPRESENTATION_CONTEXT(2) 
PARAMETRIC_REPRESENTATION_CONTEXT() REPRESENTATION_CONTEXT('2D SPACE',''
  ) );
#470 = ADVANCED_FACE('',(#471),#72,.F.);
#471 = FACE_BOUND('',#472,.F.);
#472 = EDGE_LOOP('',(#473,#496,#497,#498,#499,#527,#550,#576,#602,#644,
    #670));
#473 = ORIENTED_EDGE('',*,*,#474,.T.);
#474 = EDGE_CURVE('',#475,#346,#477,.T.);
#475 = VERTEX_POINT('',#476);
#476 = CARTESIAN_POINT('',(0.,-4.83,11.09));
#477 = SURFACE_CURVE('',#478,(#482,#489),.PCURVE_S1.);
#478 = LINE('',#479,#480);
#479 = CARTESIAN_POINT('',(0.,-9.99,11.09));
#480 = VECTOR('',#481,1.);
#481 = DIRECTION('',(-0.,1.,0.));
#482 = PCURVE('',#72,#483);
#483 = DEFINITIONAL_REPRESENTATION('',(#484),#488);
#484 = LINE('',#485,#486);
#485 = CARTESIAN_POINT('',(6.427,0.));
#486 = VECTOR('',#487,1.);
#487 = DIRECTION('',(0.,1.));
#488 = ( GEOMETRIC_REPRESENTATION_CONTEXT(2) 
PARAMETRIC_REPRESENTATION_CONTEXT() REPRESENTATION_CONTEXT('2D SPACE',''
  ) );
#489 = PCURVE('',#363,#490);
#490 = DEFINITIONAL_REPRESENTATION('',(#491),#495);
#491 = LINE('',#492,#493);
#492 = CARTESIAN_POINT('',(0.,0.));
#493 = VECTOR('',#494,1.);
#494 = DIRECTION('',(0.,-1.));
#495 = ( GEOMETRIC_REPRESENTATION_CONTEXT(2) 
PARAMETRIC_REPRESENTATION_CONTEXT() REPRESENTATION_CONTEXT('2D SPACE',''
  ) );
#496 = ORIENTED_EDGE('',*,*,#375,.F.);
#497 = ORIENTED_EDGE('',*,*,#56,.F.);
#498 = ORIENTED_EDGE('',*,*,#169,.T.);
#499 = ORIENTED_EDGE('',*,*,#500,.T.);
#500 = EDGE_CURVE('',#140,#501,#503,.T.);
#501 = VERTEX_POINT('',#502);
#502 = CARTESIAN_POINT('',(0.,-8.59,11.09));
#503 = SURFACE_CURVE('',#504,(#508,#515),.PCURVE_S1.);
#504 = LINE('',#505,#506);
#505 = CARTESIAN_POINT('',(0.,-9.99,11.09));
#506 = VECTOR('',#507,1.);
#507 = DIRECTION('',(-0.,1.,0.));
#508 = PCURVE('',#72,#509);
#509 = DEFINITIONAL_REPRESENTATION('',(#510),#514);
#510 = LINE('',#511,#512);
#511 = CARTESIAN_POINT('',(6.427,0.));
#512 = VECTOR('',#513,1.);
#513 = DIRECTION('',(0.,1.));
#514 = ( GEOMETRIC_REPRESENTATION_CONTEXT(2) 
PARAMETRIC_REPRESENTATION_CONTEXT() REPRESENTATION_CONTEXT('2D SPACE',''
  ) );
#515 = PCURVE('',#516,#521);
#516 = PLANE('',#517);
#517 = AXIS2_PLACEMENT_3D('',#518,#519,#520);
#518 = CARTESIAN_POINT('',(0.,-9.99,6.95));
#519 = DIRECTION('',(1.,0.,-0.));
#520 = DIRECTION('',(0.,0.,1.));
#521 = DEFINITIONAL_REPRESENTATION('',(#522),#526);
#522 = LINE('',#523,#524);
#523 = CARTESIAN_POINT('',(4.14,0.));
#524 = VECTOR('',#525,1.);
#525 = DIRECTION('',(0.,-1.));
#526 = ( GEOMETRIC_REPRESENTATION_CONTEXT(2) 
PARAMETRIC_REPRESENTATION_CONTEXT() REPRESENTATION_CONTEXT('2D SPACE',''
  ) );
#527 = ORIENTED_EDGE('',*,*,#528,.T.);
#528 = EDGE_CURVE('',#501,#529,#531,.T.);
#529 = VERTEX_POINT('',#530);
#530 = CARTESIAN_POINT('',(0.,-8.13,11.09));
#531 = SURFACE_CURVE('',#532,(#536,#543),.PCURVE_S1.);
#532 = LINE('',#533,#534);
#533 = CARTESIAN_POINT('',(0.,-9.99,11.09));
#534 = VECTOR('',#535,1.);
#535 = DIRECTION('',(-0.,1.,0.));
#536 = PCURVE('',#72,#537);
#537 = DEFINITIONAL_REPRESENTATION('',(#538),#542);
#538 = LINE('',#539,#540);
#539 = CARTESIAN_POINT('',(6.427,0.));
#540 = VECTOR('',#541,1.);
#541 = DIRECTION('',(0.,1.));
#542 = ( GEOMETRIC_REPRESENTATION_CONTEXT(2) 
PARAMETRIC_REPRESENTATION_CONTEXT() REPRESENTATION_CONTEXT('2D SPACE',''
  ) );
#543 = PCURVE('',#363,#544);
#544 = DEFINITIONAL_REPRESENTATION('',(#545),#549);
#545 = LINE('',#546,#547);
#546 = CARTESIAN_POINT('',(0.,0.));
#547 = VECTOR('',#548,1.);
#548 = DIRECTION('',(0.,-1.));
#549 = ( GEOMETRIC_REPRESENTATION_CONTEXT(2) 
PARAMETRIC_REPRESENTATION_CONTEXT() REPRESENTATION_CONTEXT('2D SPACE',''
  ) );
#550 = ORIENTED_EDGE('',*,*,#551,.T.);
#551 = EDGE_CURVE('',#529,#552,#554,.T.);
#552 = VERTEX_POINT('',#553);
#553 = CARTESIAN_POINT('',(-3.365,-8.13,11.09));
#554 = SURFACE_CURVE('',#555,(#559,#565),.PCURVE_S1.);
#555 = LINE('',#556,#557);
#556 = CARTESIAN_POINT('',(-4.896,-8.13,11.09));
#557 = VECTOR('',#558,1.);
#558 = DIRECTION('',(-1.,-0.,0.));
#559 = PCURVE('',#72,#560);
#560 = DEFINITIONAL_REPRESENTATION('',(#561),#564);
#561 = B_SPLINE_CURVE_WITH_KNOTS('',1,(#562,#563),.UNSPECIFIED.,.F.,.F.,
  (2,2),(-4.896,-1.531),.PIECEWISE_BEZIER_KNOTS.);
#562 = CARTESIAN_POINT('',(6.427,1.86));
#563 = CARTESIAN_POINT('',(3.062,1.86));
#564 = ( GEOMETRIC_REPRESENTATION_CONTEXT(2) 
PARAMETRIC_REPRESENTATION_CONTEXT() REPRESENTATION_CONTEXT('2D SPACE',''
  ) );
#565 = PCURVE('',#566,#571);
#566 = PLANE('',#567);
#567 = AXIS2_PLACEMENT_3D('',#568,#569,#570);
#568 = CARTESIAN_POINT('',(-3.365,-8.13,9.59));
#569 = DIRECTION('',(-0.,1.,0.));
#570 = DIRECTION('',(0.,0.,1.));
#571 = DEFINITIONAL_REPRESENTATION('',(#572),#575);
#572 = B_SPLINE_CURVE_WITH_KNOTS('',1,(#573,#574),.UNSPECIFIED.,.F.,.F.,
  (2,2),(-4.896,-1.531),.PIECEWISE_BEZIER_KNOTS.);
#573 = CARTESIAN_POINT('',(1.5,3.365));
#574 = CARTESIAN_POINT('',(1.5,0.));
#575 = ( GEOMETRIC_REPRESENTATION_CONTEXT(2) 
PARAMETRIC_REPRESENTATION_CONTEXT() REPRESENTATION_CONTEXT('2D SPACE',''
  ) );
#576 = ORIENTED_EDGE('',*,*,#577,.T.);
#577 = EDGE_CURVE('',#552,#578,#580,.T.);
#578 = VERTEX_POINT('',#579);
#579 = CARTESIAN_POINT('',(-3.365,-6.93097616345,11.09));
#580 = SURFACE_CURVE('',#581,(#585,#591),.PCURVE_S1.);
#581 = LINE('',#582,#583);
#582 = CARTESIAN_POINT('',(-3.365,-9.06,11.09));
#583 = VECTOR('',#584,1.);
#584 = DIRECTION('',(-0.,1.,0.));
#585 = PCURVE('',#72,#586);
#586 = DEFINITIONAL_REPRESENTATION('',(#587),#590);
#587 = B_SPLINE_CURVE_WITH_KNOTS('',1,(#588,#589),.UNSPECIFIED.,.F.,.F.,
  (2,2),(0.93,4.23),.PIECEWISE_BEZIER_KNOTS.);
#588 = CARTESIAN_POINT('',(3.062,1.86));
#589 = CARTESIAN_POINT('',(3.062,5.16));
#590 = ( GEOMETRIC_REPRESENTATION_CONTEXT(2) 
PARAMETRIC_REPRESENTATION_CONTEXT() REPRESENTATION_CONTEXT('2D SPACE',''
  ) );
#591 = PCURVE('',#592,#597);
#592 = PLANE('',#593);
#593 = AXIS2_PLACEMENT_3D('',#594,#595,#596);
#594 = CARTESIAN_POINT('',(-3.365,-8.13,9.59));
#595 = DIRECTION('',(1.,0.,-0.));
#596 = DIRECTION('',(0.,0.,1.));
#597 = DEFINITIONAL_REPRESENTATION('',(#598),#601);
#598 = B_SPLINE_CURVE_WITH_KNOTS('',1,(#599,#600),.UNSPECIFIED.,.F.,.F.,
  (2,2),(0.93,4.23),.PIECEWISE_BEZIER_KNOTS.);
#599 = CARTESIAN_POINT('',(1.5,0.));
#600 = CARTESIAN_POINT('',(1.5,-3.3));
#601 = ( GEOMETRIC_REPRESENTATION_CONTEXT(2) 
PARAMETRIC_REPRESENTATION_CONTEXT() REPRESENTATION_CONTEXT('2D SPACE',''
  ) );
#602 = ORIENTED_EDGE('',*,*,#603,.F.);
#603 = EDGE_CURVE('',#604,#578,#606,.T.);
#604 = VERTEX_POINT('',#605);
#605 = CARTESIAN_POINT('',(-3.365,-6.02902383655,11.09));
#606 = SURFACE_CURVE('',#607,(#612,#619),.PCURVE_S1.);
#607 = ELLIPSE('',#608,2.262741699797,1.6);
#608 = AXIS2_PLACEMENT_3D('',#609,#610,#611);
#609 = CARTESIAN_POINT('',(-1.194,-6.48,11.09));
#610 = DIRECTION('',(0.,0.,1.));
#611 = DIRECTION('',(-1.,0.,0.));
#612 = PCURVE('',#72,#613);
#613 = DEFINITIONAL_REPRESENTATION('',(#614),#618);
#614 = ELLIPSE('',#615,2.262741699797,1.6);
#615 = AXIS2_PLACEMENT_2D('',#616,#617);
#616 = CARTESIAN_POINT('',(5.233,3.51));
#617 = DIRECTION('',(-1.,0.));
#618 = ( GEOMETRIC_REPRESENTATION_CONTEXT(2) 
PARAMETRIC_REPRESENTATION_CONTEXT() REPRESENTATION_CONTEXT('2D SPACE',''
  ) );
#619 = PCURVE('',#620,#625);
#620 = CYLINDRICAL_SURFACE('',#621,1.6);
#621 = AXIS2_PLACEMENT_3D('',#622,#623,#624);
#622 = CARTESIAN_POINT('',(-1.12333982822,-6.48,11.01933982822));
#623 = DIRECTION('',(-0.707106781187,0.,0.707106781187));
#624 = DIRECTION('',(0.707106781187,0.,0.707106781187));
#625 = DEFINITIONAL_REPRESENTATION('',(#626),#643);
#626 = B_SPLINE_CURVE_WITH_KNOTS('',8,(#627,#628,#629,#630,#631,#632,
    #633,#634,#635,#636,#637,#638,#639,#640,#641,#642),.UNSPECIFIED.,.F.
  ,.F.,(9,7,9),(4.649892571958,6.28318530718,7.916478042402),
  .UNSPECIFIED.);
#627 = CARTESIAN_POINT('',(1.508299918368,-5.999999999062E-07));
#628 = CARTESIAN_POINT('',(1.71246151027,0.326020223003));
#629 = CARTESIAN_POINT('',(1.916623102173,0.656801433059));
#630 = CARTESIAN_POINT('',(2.120784694072,0.971634700301));
#631 = CARTESIAN_POINT('',(2.324946285984,1.249393800617));
#632 = CARTESIAN_POINT('',(2.529107877877,1.471273855313));
#633 = CARTESIAN_POINT('',(2.733269469784,1.623710041647));
#634 = CARTESIAN_POINT('',(2.937431061687,1.699928573251));
#635 = CARTESIAN_POINT('',(3.345754245493,1.699928573251));
#636 = CARTESIAN_POINT('',(3.549915837392,1.623710041648));
#637 = CARTESIAN_POINT('',(3.754077429299,1.471273855314));
#638 = CARTESIAN_POINT('',(3.958239021209,1.249393800626));
#639 = CARTESIAN_POINT('',(4.162400613108,0.971634700298));
#640 = CARTESIAN_POINT('',(4.366562205004,0.65680143306));
#641 = CARTESIAN_POINT('',(4.570723796909,0.326020223003));
#642 = CARTESIAN_POINT('',(4.774885388812,-5.999999981299E-07));
#643 = ( GEOMETRIC_REPRESENTATION_CONTEXT(2) 
PARAMETRIC_REPRESENTATION_CONTEXT() REPRESENTATION_CONTEXT('2D SPACE',''
  ) );
#644 = ORIENTED_EDGE('',*,*,#645,.T.);
#645 = EDGE_CURVE('',#604,#646,#648,.T.);
#646 = VERTEX_POINT('',#647);
#647 = CARTESIAN_POINT('',(-3.365,-4.83,11.09));
#648 = SURFACE_CURVE('',#649,(#653,#659),.PCURVE_S1.);
#649 = LINE('',#650,#651);
#650 = CARTESIAN_POINT('',(-3.365,-9.06,11.09));
#651 = VECTOR('',#652,1.);
#652 = DIRECTION('',(-0.,1.,0.));
#653 = PCURVE('',#72,#654);
#654 = DEFINITIONAL_REPRESENTATION('',(#655),#658);
#655 = B_SPLINE_CURVE_WITH_KNOTS('',1,(#656,#657),.UNSPECIFIED.,.F.,.F.,
  (2,2),(0.93,4.23),.PIECEWISE_BEZIER_KNOTS.);
#656 = CARTESIAN_POINT('',(3.062,1.86));
#657 = CARTESIAN_POINT('',(3.062,5.16));
#658 = ( GEOMETRIC_REPRESENTATION_CONTEXT(2) 
PARAMETRIC_REPRESENTATION_CONTEXT() REPRESENTATION_CONTEXT('2D SPACE',''
  ) );
#659 = PCURVE('',#660,#665);
#660 = PLANE('',#661);
#661 = AXIS2_PLACEMENT_3D('',#662,#663,#664);
#662 = CARTESIAN_POINT('',(-3.365,-8.13,9.59));
#663 = DIRECTION('',(1.,0.,-0.));
#664 = DIRECTION('',(0.,0.,1.));
#665 = DEFINITIONAL_REPRESENTATION('',(#666),#669);
#666 = B_SPLINE_CURVE_WITH_KNOTS('',1,(#667,#668),.UNSPECIFIED.,.F.,.F.,
  (2,2),(0.93,4.23),.PIECEWISE_BEZIER_KNOTS.);
#667 = CARTESIAN_POINT('',(1.5,0.));
#668 = CARTESIAN_POINT('',(1.5,-3.3));
#669 = ( GEOMETRIC_REPRESENTATION_CONTEXT(2) 
PARAMETRIC_REPRESENTATION_CONTEXT() REPRESENTATION_CONTEXT('2D SPACE',''
  ) );
#670 = ORIENTED_EDGE('',*,*,#671,.F.);
#671 = EDGE_CURVE('',#475,#646,#672,.T.);
#672 = SURFACE_CURVE('',#673,(#677,#683),.PCURVE_S1.);
#673 = LINE('',#674,#675);
#674 = CARTESIAN_POINT('',(-4.896,-4.83,11.09));
#675 = VECTOR('',#676,1.);
#676 = DIRECTION('',(-1.,-0.,0.));
#677 = PCURVE('',#72,#678);
#678 = DEFINITIONAL_REPRESENTATION('',(#679),#682);
#679 = B_SPLINE_CURVE_WITH_KNOTS('',1,(#680,#681),.UNSPECIFIED.,.F.,.F.,
  (2,2),(-4.896,-1.531),.PIECEWISE_BEZIER_KNOTS.);
#680 = CARTESIAN_POINT('',(6.427,5.16));
#681 = CARTESIAN_POINT('',(3.062,5.16));
#682 = ( GEOMETRIC_REPRESENTATION_CONTEXT(2) 
PARAMETRIC_REPRESENTATION_CONTEXT() REPRESENTATION_CONTEXT('2D SPACE',''
  ) );
#683 = PCURVE('',#684,#689);
#684 = PLANE('',#685);
#685 = AXIS2_PLACEMENT_3D('',#686,#687,#688);
#686 = CARTESIAN_POINT('',(-3.365,-4.83,9.59));
#687 = DIRECTION('',(-0.,1.,0.));
#688 = DIRECTION('',(0.,0.,1.));
#689 = DEFINITIONAL_REPRESENTATION('',(#690),#693);
#690 = B_SPLINE_CURVE_WITH_KNOTS('',1,(#691,#692),.UNSPECIFIED.,.F.,.F.,
  (2,2),(-4.896,-1.531),.PIECEWISE_BEZIER_KNOTS.);
#691 = CARTESIAN_POINT('',(1.5,3.365));
#692 = CARTESIAN_POINT('',(1.5,0.));
#693 = ( GEOMETRIC_REPRESENTATION_CONTEXT(2) 
PARAMETRIC_REPRESENTATION_CONTEXT() REPRESENTATION_CONTEXT('2D SPACE',''
  ) );
#694 = ADVANCED_FACE('',(#695),#157,.F.);
#695 = FACE_BOUND('',#696,.F.);
#696 = EDGE_LOOP('',(#697,#727,#755,#776,#777));
#697 = ORIENTED_EDGE('',*,*,#698,.F.);
#698 = EDGE_CURVE('',#699,#701,#703,.T.);
#699 = VERTEX_POINT('',#700);
#700 = CARTESIAN_POINT('',(10.,-9.99,6.95));
#701 = VERTEX_POINT('',#702);
#702 = CARTESIAN_POINT('',(10.,-9.99,14.477));
#703 = SURFACE_CURVE('',#704,(#708,#715),.PCURVE_S1.);
#704 = LINE('',#705,#706);
#705 = CARTESIAN_POINT('',(10.,-9.99,6.95));
#706 = VECTOR('',#707,1.);
#707 = DIRECTION('',(0.,0.,1.));
#708 = PCURVE('',#157,#709);
#709 = DEFINITIONAL_REPRESENTATION('',(#710),#714);
#710 = LINE('',#711,#712);
#711 = CARTESIAN_POINT('',(0.,10.));
#712 = VECTOR('',#713,1.);
#713 = DIRECTION('',(1.,0.));
#714 = ( GEOMETRIC_REPRESENTATION_CONTEXT(2) 
PARAMETRIC_REPRESENTATION_CONTEXT() REPRESENTATION_CONTEXT('2D SPACE',''
  ) );
#715 = PCURVE('',#716,#721);
#716 = PLANE('',#717);
#717 = AXIS2_PLACEMENT_3D('',#718,#719,#720);
#718 = CARTESIAN_POINT('',(10.,-9.99,6.95));
#719 = DIRECTION('',(1.,0.,-0.));
#720 = DIRECTION('',(0.,0.,1.));
#721 = DEFINITIONAL_REPRESENTATION('',(#722),#726);
#722 = LINE('',#723,#724);
#723 = CARTESIAN_POINT('',(0.,0.));
#724 = VECTOR('',#725,1.);
#725 = DIRECTION('',(1.,0.));
#726 = ( GEOMETRIC_REPRESENTATION_CONTEXT(2) 
PARAMETRIC_REPRESENTATION_CONTEXT() REPRESENTATION_CONTEXT('2D SPACE',''
  ) );
#727 = ORIENTED_EDGE('',*,*,#728,.F.);
#728 = EDGE_CURVE('',#729,#699,#731,.T.);
#729 = VERTEX_POINT('',#730);
#730 = CARTESIAN_POINT('',(0.,-9.99,6.95));
#731 = SURFACE_CURVE('',#732,(#736,#743),.PCURVE_S1.);
#732 = LINE('',#733,#734);
#733 = CARTESIAN_POINT('',(0.,-9.99,6.95));
#734 = VECTOR('',#735,1.);
#735 = DIRECTION('',(1.,0.,-0.));
#736 = PCURVE('',#157,#737);
#737 = DEFINITIONAL_REPRESENTATION('',(#738),#742);
#738 = LINE('',#739,#740);
#739 = CARTESIAN_POINT('',(0.,0.));
#740 = VECTOR('',#741,1.);
#741 = DIRECTION('',(0.,1.));
#742 = ( GEOMETRIC_REPRESENTATION_CONTEXT(2) 
PARAMETRIC_REPRESENTATION_CONTEXT() REPRESENTATION_CONTEXT('2D SPACE',''
  ) );
#743 = PCURVE('',#744,#749);
#744 = PLANE('',#745);
#745 = AXIS2_PLACEMENT_3D('',#746,#747,#748);
#746 = CARTESIAN_POINT('',(0.,-9.99,6.95));
#747 = DIRECTION('',(0.,0.,1.));
#748 = DIRECTION('',(1.,0.,-0.));
#749 = DEFINITIONAL_REPRESENTATION('',(#750),#754);
#750 = LINE('',#751,#752);
#751 = CARTESIAN_POINT('',(0.,0.));
#752 = VECTOR('',#753,1.);
#753 = DIRECTION('',(1.,0.));
#754 = ( GEOMETRIC_REPRESENTATION_CONTEXT(2) 
PARAMETRIC_REPRESENTATION_CONTEXT() REPRESENTATION_CONTEXT('2D SPACE',''
  ) );
#755 = ORIENTED_EDGE('',*,*,#756,.T.);
#756 = EDGE_CURVE('',#729,#140,#757,.T.);
#757 = SURFACE_CURVE('',#758,(#762,#769),.PCURVE_S1.);
#758 = LINE('',#759,#760);
#759 = CARTESIAN_POINT('',(0.,-9.99,6.95));
#760 = VECTOR('',#761,1.);
#761 = DIRECTION('',(0.,0.,1.));
#762 = PCURVE('',#157,#763);
#763 = DEFINITIONAL_REPRESENTATION('',(#764),#768);
#764 = LINE('',#765,#766);
#765 = CARTESIAN_POINT('',(0.,0.));
#766 = VECTOR('',#767,1.);
#767 = DIRECTION('',(1.,0.));
#768 = ( GEOMETRIC_REPRESENTATION_CONTEXT(2) 
PARAMETRIC_REPRESENTATION_CONTEXT() REPRESENTATION_CONTEXT('2D SPACE',''
  ) );
#769 = PCURVE('',#516,#770);
#770 = DEFINITIONAL_REPRESENTATION('',(#771),#775);
#771 = LINE('',#772,#773);
#772 = CARTESIAN_POINT('',(0.,0.));
#773 = VECTOR('',#774,1.);
#774 = DIRECTION('',(1.,0.));
#775 = ( GEOMETRIC_REPRESENTATION_CONTEXT(2) 
PARAMETRIC_REPRESENTATION_CONTEXT() REPRESENTATION_CONTEXT('2D SPACE',''
  ) );
#776 = ORIENTED_EDGE('',*,*,#139,.T.);
#777 = ORIENTED_EDGE('',*,*,#778,.T.);
#778 = EDGE_CURVE('',#142,#701,#779,.T.);
#779 = SURFACE_CURVE('',#780,(#784,#791),.PCURVE_S1.);
#780 = LINE('',#781,#782);
#781 = CARTESIAN_POINT('',(0.,-9.99,14.477));
#782 = VECTOR('',#783,1.);
#783 = DIRECTION('',(1.,0.,-0.));
#784 = PCURVE('',#157,#785);
#785 = DEFINITIONAL_REPRESENTATION('',(#786),#790);
#786 = LINE('',#787,#788);
#787 = CARTESIAN_POINT('',(7.527,0.));
#788 = VECTOR('',#789,1.);
#789 = DIRECTION('',(0.,1.));
#790 = ( GEOMETRIC_REPRESENTATION_CONTEXT(2) 
PARAMETRIC_REPRESENTATION_CONTEXT() REPRESENTATION_CONTEXT('2D SPACE',''
  ) );
#791 = PCURVE('',#254,#792);
#792 = DEFINITIONAL_REPRESENTATION('',(#793),#797);
#793 = LINE('',#794,#795);
#794 = CARTESIAN_POINT('',(7.527,0.));
#795 = VECTOR('',#796,1.);
#796 = DIRECTION('',(0.,1.));
#797 = ( GEOMETRIC_REPRESENTATION_CONTEXT(2) 
PARAMETRIC_REPRESENTATION_CONTEXT() REPRESENTATION_CONTEXT('2D SPACE',''
  ) );
#798 = ADVANCED_FACE('',(#799),#254,.F.);
#799 = FACE_BOUND('',#800,.F.);
#800 = EDGE_LOOP('',(#801,#829,#830,#831));
#801 = ORIENTED_EDGE('',*,*,#802,.F.);
#802 = EDGE_CURVE('',#701,#803,#805,.T.);
#803 = VERTEX_POINT('',#804);
#804 = CARTESIAN_POINT('',(10.,-9.99,16.377));
#805 = SURFACE_CURVE('',#806,(#810,#817),.PCURVE_S1.);
#806 = LINE('',#807,#808);
#807 = CARTESIAN_POINT('',(10.,-9.99,6.95));
#808 = VECTOR('',#809,1.);
#809 = DIRECTION('',(0.,0.,1.));
#810 = PCURVE('',#254,#811);
#811 = DEFINITIONAL_REPRESENTATION('',(#812),#816);
#812 = LINE('',#813,#814);
#813 = CARTESIAN_POINT('',(0.,10.));
#814 = VECTOR('',#815,1.);
#815 = DIRECTION('',(1.,0.));
#816 = ( GEOMETRIC_REPRESENTATION_CONTEXT(2) 
PARAMETRIC_REPRESENTATION_CONTEXT() REPRESENTATION_CONTEXT('2D SPACE',''
  ) );
#817 = PCURVE('',#818,#823);
#818 = PLANE('',#819);
#819 = AXIS2_PLACEMENT_3D('',#820,#821,#822);
#820 = CARTESIAN_POINT('',(10.,-9.99,6.95));
#821 = DIRECTION('',(1.,0.,-0.));
#822 = DIRECTION('',(0.,0.,1.));
#823 = DEFINITIONAL_REPRESENTATION('',(#824),#828);
#824 = LINE('',#825,#826);
#825 = CARTESIAN_POINT('',(0.,0.));
#826 = VECTOR('',#827,1.);
#827 = DIRECTION('',(1.,0.));
#828 = ( GEOMETRIC_REPRESENTATION_CONTEXT(2) 
PARAMETRIC_REPRESENTATION_CONTEXT() REPRESENTATION_CONTEXT('2D SPACE',''
  ) );
#829 = ORIENTED_EDGE('',*,*,#778,.F.);
#830 = ORIENTED_EDGE('',*,*,#240,.T.);
#831 = ORIENTED_EDGE('',*,*,#832,.T.);
#832 = EDGE_CURVE('',#213,#803,#833,.T.);
#833 = SURFACE_CURVE('',#834,(#838,#845),.PCURVE_S1.);
#834 = LINE('',#835,#836);
#835 = CARTESIAN_POINT('',(0.,-9.99,16.377));
#836 = VECTOR('',#837,1.);
#837 = DIRECTION('',(1.,0.,-0.));
#838 = PCURVE('',#254,#839);
#839 = DEFINITIONAL_REPRESENTATION('',(#840),#844);
#840 = LINE('',#841,#842);
#841 = CARTESIAN_POINT('',(9.427,0.));
#842 = VECTOR('',#843,1.);
#843 = DIRECTION('',(0.,1.));
#844 = ( GEOMETRIC_REPRESENTATION_CONTEXT(2) 
PARAMETRIC_REPRESENTATION_CONTEXT() REPRESENTATION_CONTEXT('2D SPACE',''
  ) );
#845 = PCURVE('',#846,#851);
#846 = PLANE('',#847);
#847 = AXIS2_PLACEMENT_3D('',#848,#849,#850);
#848 = CARTESIAN_POINT('',(0.,-9.99,16.377));
#849 = DIRECTION('',(0.,0.,1.));
#850 = DIRECTION('',(1.,0.,-0.));
#851 = DEFINITIONAL_REPRESENTATION('',(#852),#856);
#852 = LINE('',#853,#854);
#853 = CARTESIAN_POINT('',(0.,0.));
#854 = VECTOR('',#855,1.);
#855 = DIRECTION('',(1.,0.));
#856 = ( GEOMETRIC_REPRESENTATION_CONTEXT(2) 
PARAMETRIC_REPRESENTATION_CONTEXT() REPRESENTATION_CONTEXT('2D SPACE',''
  ) );
#857 = ADVANCED_FACE('',(#858),#228,.T.);
#858 = FACE_BOUND('',#859,.T.);
#859 = EDGE_LOOP('',(#860,#861,#862,#863,#886,#914,#940));
#860 = ORIENTED_EDGE('',*,*,#398,.F.);
#861 = ORIENTED_EDGE('',*,*,#292,.T.);
#862 = ORIENTED_EDGE('',*,*,#212,.T.);
#863 = ORIENTED_EDGE('',*,*,#864,.T.);
#864 = EDGE_CURVE('',#213,#865,#867,.T.);
#865 = VERTEX_POINT('',#866);
#866 = CARTESIAN_POINT('',(0.,-8.59,16.377));
#867 = SURFACE_CURVE('',#868,(#872,#879),.PCURVE_S1.);
#868 = LINE('',#869,#870);
#869 = CARTESIAN_POINT('',(0.,-9.99,16.377));
#870 = VECTOR('',#871,1.);
#871 = DIRECTION('',(-0.,1.,0.));
#872 = PCURVE('',#228,#873);
#873 = DEFINITIONAL_REPRESENTATION('',(#874),#878);
#874 = LINE('',#875,#876);
#875 = CARTESIAN_POINT('',(6.427,0.));
#876 = VECTOR('',#877,1.);
#877 = DIRECTION('',(0.,1.));
#878 = ( GEOMETRIC_REPRESENTATION_CONTEXT(2) 
PARAMETRIC_REPRESENTATION_CONTEXT() REPRESENTATION_CONTEXT('2D SPACE',''
  ) );
#879 = PCURVE('',#846,#880);
#880 = DEFINITIONAL_REPRESENTATION('',(#881),#885);
#881 = LINE('',#882,#883);
#882 = CARTESIAN_POINT('',(0.,0.));
#883 = VECTOR('',#884,1.);
#884 = DIRECTION('',(0.,1.));
#885 = ( GEOMETRIC_REPRESENTATION_CONTEXT(2) 
PARAMETRIC_REPRESENTATION_CONTEXT() REPRESENTATION_CONTEXT('2D SPACE',''
  ) );
#886 = ORIENTED_EDGE('',*,*,#887,.T.);
#887 = EDGE_CURVE('',#865,#888,#890,.T.);
#888 = VERTEX_POINT('',#889);
#889 = CARTESIAN_POINT('',(0.,-4.4,16.377));
#890 = SURFACE_CURVE('',#891,(#895,#902),.PCURVE_S1.);
#891 = LINE('',#892,#893);
#892 = CARTESIAN_POINT('',(0.,-9.99,16.377));
#893 = VECTOR('',#894,1.);
#894 = DIRECTION('',(-0.,1.,0.));
#895 = PCURVE('',#228,#896);
#896 = DEFINITIONAL_REPRESENTATION('',(#897),#901);
#897 = LINE('',#898,#899);
#898 = CARTESIAN_POINT('',(6.427,0.));
#899 = VECTOR('',#900,1.);
#900 = DIRECTION('',(0.,1.));
#901 = ( GEOMETRIC_REPRESENTATION_CONTEXT(2) 
PARAMETRIC_REPRESENTATION_CONTEXT() REPRESENTATION_CONTEXT('2D SPACE',''
  ) );
#902 = PCURVE('',#903,#908);
#903 = PLANE('',#904);
#904 = AXIS2_PLACEMENT_3D('',#905,#906,#907);
#905 = CARTESIAN_POINT('',(0.,-9.99,16.377));
#906 = DIRECTION('',(0.,0.,1.));
#907 = DIRECTION('',(1.,0.,-0.));
#908 = DEFINITIONAL_REPRESENTATION('',(#909),#913);
#909 = LINE('',#910,#911);
#910 = CARTESIAN_POINT('',(0.,0.));
#911 = VECTOR('',#912,1.);
#912 = DIRECTION('',(0.,1.));
#913 = ( GEOMETRIC_REPRESENTATION_CONTEXT(2) 
PARAMETRIC_REPRESENTATION_CONTEXT() REPRESENTATION_CONTEXT('2D SPACE',''
  ) );
#914 = ORIENTED_EDGE('',*,*,#915,.T.);
#915 = EDGE_CURVE('',#888,#916,#918,.T.);
#916 = VERTEX_POINT('',#917);
#917 = CARTESIAN_POINT('',(-1.5,-4.4,16.377));
#918 = SURFACE_CURVE('',#919,(#923,#929),.PCURVE_S1.);
#919 = LINE('',#920,#921);
#920 = CARTESIAN_POINT('',(-3.9635,-4.4,16.377));
#921 = VECTOR('',#922,1.);
#922 = DIRECTION('',(-1.,-0.,0.));
#923 = PCURVE('',#228,#924);
#924 = DEFINITIONAL_REPRESENTATION('',(#925),#928);
#925 = B_SPLINE_CURVE_WITH_KNOTS('',1,(#926,#927),.UNSPECIFIED.,.F.,.F.,
  (2,2),(-3.9635,-2.4635),.PIECEWISE_BEZIER_KNOTS.);
#926 = CARTESIAN_POINT('',(6.427,5.59));
#927 = CARTESIAN_POINT('',(4.927,5.59));
#928 = ( GEOMETRIC_REPRESENTATION_CONTEXT(2) 
PARAMETRIC_REPRESENTATION_CONTEXT() REPRESENTATION_CONTEXT('2D SPACE',''
  ) );
#929 = PCURVE('',#930,#935);
#930 = PLANE('',#931);
#931 = AXIS2_PLACEMENT_3D('',#932,#933,#934);
#932 = CARTESIAN_POINT('',(-1.5,-4.4,12.977));
#933 = DIRECTION('',(-0.,1.,0.));
#934 = DIRECTION('',(0.,0.,1.));
#935 = DEFINITIONAL_REPRESENTATION('',(#936),#939);
#936 = B_SPLINE_CURVE_WITH_KNOTS('',1,(#937,#938),.UNSPECIFIED.,.F.,.F.,
  (2,2),(-3.9635,-2.4635),.PIECEWISE_BEZIER_KNOTS.);
#937 = CARTESIAN_POINT('',(3.4,1.5));
#938 = CARTESIAN_POINT('',(3.4,0.));
#939 = ( GEOMETRIC_REPRESENTATION_CONTEXT(2) 
PARAMETRIC_REPRESENTATION_CONTEXT() REPRESENTATION_CONTEXT('2D SPACE',''
  ) );
#940 = ORIENTED_EDGE('',*,*,#941,.T.);
#941 = EDGE_CURVE('',#916,#399,#942,.T.);
#942 = SURFACE_CURVE('',#943,(#947,#953),.PCURVE_S1.);
#943 = LINE('',#944,#945);
#944 = CARTESIAN_POINT('',(-1.5,-7.195,16.377));
#945 = VECTOR('',#946,1.);
#946 = DIRECTION('',(-0.,1.,0.));
#947 = PCURVE('',#228,#948);
#948 = DEFINITIONAL_REPRESENTATION('',(#949),#952);
#949 = B_SPLINE_CURVE_WITH_KNOTS('',1,(#950,#951),.UNSPECIFIED.,.F.,.F.,
  (2,2),(2.795,3.115),.PIECEWISE_BEZIER_KNOTS.);
#950 = CARTESIAN_POINT('',(4.927,5.59));
#951 = CARTESIAN_POINT('',(4.927,5.91));
#952 = ( GEOMETRIC_REPRESENTATION_CONTEXT(2) 
PARAMETRIC_REPRESENTATION_CONTEXT() REPRESENTATION_CONTEXT('2D SPACE',''
  ) );
#953 = PCURVE('',#436,#954);
#954 = DEFINITIONAL_REPRESENTATION('',(#955),#958);
#955 = B_SPLINE_CURVE_WITH_KNOTS('',1,(#956,#957),.UNSPECIFIED.,.F.,.F.,
  (2,2),(2.795,3.115),.PIECEWISE_BEZIER_KNOTS.);
#956 = CARTESIAN_POINT('',(3.4,0.));
#957 = CARTESIAN_POINT('',(3.4,-0.32));
#958 = ( GEOMETRIC_REPRESENTATION_CONTEXT(2) 
PARAMETRIC_REPRESENTATION_CONTEXT() REPRESENTATION_CONTEXT('2D SPACE',''
  ) );
#959 = ADVANCED_FACE('',(#960),#330,.F.);
#960 = FACE_BOUND('',#961,.F.);
#961 = EDGE_LOOP('',(#962,#963,#986,#1013));
#962 = ORIENTED_EDGE('',*,*,#313,.F.);
#963 = ORIENTED_EDGE('',*,*,#964,.F.);
#964 = EDGE_CURVE('',#965,#314,#967,.T.);
#965 = VERTEX_POINT('',#966);
#966 = CARTESIAN_POINT('',(-2.565837661841,-6.48,14.526589462905));
#967 = SEAM_CURVE('',#968,(#972,#979),.PCURVE_S1.);
#968 = LINE('',#969,#970);
#969 = CARTESIAN_POINT('',(-2.565837661841,-6.48,14.526589462905));
#970 = VECTOR('',#971,1.);
#971 = DIRECTION('',(-0.707106781187,0.,0.707106781187));
#972 = PCURVE('',#330,#973);
#973 = DEFINITIONAL_REPRESENTATION('',(#974),#978);
#974 = LINE('',#975,#976);
#975 = CARTESIAN_POINT('',(6.28318530718,-0.));
#976 = VECTOR('',#977,1.);
#977 = DIRECTION('',(0.,1.));
#978 = ( GEOMETRIC_REPRESENTATION_CONTEXT(2) 
PARAMETRIC_REPRESENTATION_CONTEXT() REPRESENTATION_CONTEXT('2D SPACE',''
  ) );
#979 = PCURVE('',#330,#980);
#980 = DEFINITIONAL_REPRESENTATION('',(#981),#985);
#981 = LINE('',#982,#983);
#982 = CARTESIAN_POINT('',(0.,-0.));
#983 = VECTOR('',#984,1.);
#984 = DIRECTION('',(0.,1.));
#985 = ( GEOMETRIC_REPRESENTATION_CONTEXT(2) 
PARAMETRIC_REPRESENTATION_CONTEXT() REPRESENTATION_CONTEXT('2D SPACE',''
  ) );
#986 = ORIENTED_EDGE('',*,*,#987,.T.);
#987 = EDGE_CURVE('',#965,#965,#988,.T.);
#988 = SURFACE_CURVE('',#989,(#994,#1001),.PCURVE_S1.);
#989 = CIRCLE('',#990,1.46);
#990 = AXIS2_PLACEMENT_3D('',#991,#992,#993);
#991 = CARTESIAN_POINT('',(-3.598213562373,-6.48,13.494213562373));
#992 = DIRECTION('',(-0.707106781187,0.,0.707106781187));
#993 = DIRECTION('',(0.707106781187,0.,0.707106781187));
#994 = PCURVE('',#330,#995);
#995 = DEFINITIONAL_REPRESENTATION('',(#996),#1000);
#996 = LINE('',#997,#998);
#997 = CARTESIAN_POINT('',(0.,0.));
#998 = VECTOR('',#999,1.);
#999 = DIRECTION('',(1.,0.));
#1000 = ( GEOMETRIC_REPRESENTATION_CONTEXT(2) 
PARAMETRIC_REPRESENTATION_CONTEXT() REPRESENTATION_CONTEXT('2D SPACE',''
  ) );
#1001 = PCURVE('',#1002,#1007);
#1002 = PLANE('',#1003);
#1003 = AXIS2_PLACEMENT_3D('',#1004,#1005,#1006);
#1004 = CARTESIAN_POINT('',(-3.598213562373,-6.48,13.494213562373));
#1005 = DIRECTION('',(-0.707106781187,0.,0.707106781187));
#1006 = DIRECTION('',(0.707106781187,0.,0.707106781187));
#1007 = DEFINITIONAL_REPRESENTATION('',(#1008),#1012);
#1008 = CIRCLE('',#1009,1.46);
#1009 = AXIS2_PLACEMENT_2D('',#1010,#1011);
#1010 = CARTESIAN_POINT('',(0.,0.));
#1011 = DIRECTION('',(1.,0.));
#1012 = ( GEOMETRIC_REPRESENTATION_CONTEXT(2) 
PARAMETRIC_REPRESENTATION_CONTEXT() REPRESENTATION_CONTEXT('2D SPACE',''
  ) );
#1013 = ORIENTED_EDGE('',*,*,#964,.T.);
#1014 = ADVANCED_FACE('',(#1015),#363,.T.);
#1015 = FACE_BOUND('',#1016,.T.);
#1016 = EDGE_LOOP('',(#1017,#1045,#1046,#1067,#1093,#1112,#1113,#1114,
    #1135,#1156));
#1017 = ORIENTED_EDGE('',*,*,#1018,.F.);
#1018 = EDGE_CURVE('',#501,#1019,#1021,.T.);
#1019 = VERTEX_POINT('',#1020);
#1020 = CARTESIAN_POINT('',(0.,-8.59,14.477));
#1021 = SURFACE_CURVE('',#1022,(#1026,#1033),.PCURVE_S1.);
#1022 = LINE('',#1023,#1024);
#1023 = CARTESIAN_POINT('',(0.,-8.59,6.95));
#1024 = VECTOR('',#1025,1.);
#1025 = DIRECTION('',(0.,0.,1.));
#1026 = PCURVE('',#363,#1027);
#1027 = DEFINITIONAL_REPRESENTATION('',(#1028),#1032);
#1028 = LINE('',#1029,#1030);
#1029 = CARTESIAN_POINT('',(-4.14,-1.4));
#1030 = VECTOR('',#1031,1.);
#1031 = DIRECTION('',(1.,0.));
#1032 = ( GEOMETRIC_REPRESENTATION_CONTEXT(2) 
PARAMETRIC_REPRESENTATION_CONTEXT() REPRESENTATION_CONTEXT('2D SPACE',''
  ) );
#1033 = PCURVE('',#1034,#1039);
#1034 = PLANE('',#1035);
#1035 = AXIS2_PLACEMENT_3D('',#1036,#1037,#1038);
#1036 = CARTESIAN_POINT('',(0.,-8.59,6.95));
#1037 = DIRECTION('',(-0.,1.,0.));
#1038 = DIRECTION('',(0.,0.,1.));
#1039 = DEFINITIONAL_REPRESENTATION('',(#1040),#1044);
#1040 = LINE('',#1041,#1042);
#1041 = CARTESIAN_POINT('',(0.,0.));
#1042 = VECTOR('',#1043,1.);
#1043 = DIRECTION('',(1.,0.));
#1044 = ( GEOMETRIC_REPRESENTATION_CONTEXT(2) 
PARAMETRIC_REPRESENTATION_CONTEXT() REPRESENTATION_CONTEXT('2D SPACE',''
  ) );
#1045 = ORIENTED_EDGE('',*,*,#528,.T.);
#1046 = ORIENTED_EDGE('',*,*,#1047,.T.);
#1047 = EDGE_CURVE('',#529,#1048,#1050,.T.);
#1048 = VERTEX_POINT('',#1049);
#1049 = CARTESIAN_POINT('',(0.,-8.13,13.354));
#1050 = SURFACE_CURVE('',#1051,(#1055,#1061),.PCURVE_S1.);
#1051 = LINE('',#1052,#1053);
#1052 = CARTESIAN_POINT('',(0.,-8.13,10.34));
#1053 = VECTOR('',#1054,1.);
#1054 = DIRECTION('',(0.,0.,1.));
#1055 = PCURVE('',#363,#1056);
#1056 = DEFINITIONAL_REPRESENTATION('',(#1057),#1060);
#1057 = B_SPLINE_CURVE_WITH_KNOTS('',1,(#1058,#1059),.UNSPECIFIED.,.F.,
  .F.,(2,2),(0.75,3.014),.PIECEWISE_BEZIER_KNOTS.);
#1058 = CARTESIAN_POINT('',(0.,-1.86));
#1059 = CARTESIAN_POINT('',(2.264,-1.86));
#1060 = ( GEOMETRIC_REPRESENTATION_CONTEXT(2) 
PARAMETRIC_REPRESENTATION_CONTEXT() REPRESENTATION_CONTEXT('2D SPACE',''
  ) );
#1061 = PCURVE('',#566,#1062);
#1062 = DEFINITIONAL_REPRESENTATION('',(#1063),#1066);
#1063 = B_SPLINE_CURVE_WITH_KNOTS('',1,(#1064,#1065),.UNSPECIFIED.,.F.,
  .F.,(2,2),(0.75,3.014),.PIECEWISE_BEZIER_KNOTS.);
#1064 = CARTESIAN_POINT('',(1.5,3.365));
#1065 = CARTESIAN_POINT('',(3.764,3.365));
#1066 = ( GEOMETRIC_REPRESENTATION_CONTEXT(2) 
PARAMETRIC_REPRESENTATION_CONTEXT() REPRESENTATION_CONTEXT('2D SPACE',''
  ) );
#1067 = ORIENTED_EDGE('',*,*,#1068,.F.);
#1068 = EDGE_CURVE('',#1069,#1048,#1071,.T.);
#1069 = VERTEX_POINT('',#1070);
#1070 = CARTESIAN_POINT('',(0.,-4.83,13.354));
#1071 = SURFACE_CURVE('',#1072,(#1076,#1082),.PCURVE_S1.);
#1072 = LINE('',#1073,#1074);
#1073 = CARTESIAN_POINT('',(0.,-9.06,13.354));
#1074 = VECTOR('',#1075,1.);
#1075 = DIRECTION('',(0.,-1.,0.));
#1076 = PCURVE('',#363,#1077);
#1077 = DEFINITIONAL_REPRESENTATION('',(#1078),#1081);
#1078 = B_SPLINE_CURVE_WITH_KNOTS('',1,(#1079,#1080),.UNSPECIFIED.,.F.,
  .F.,(2,2),(-4.23,-0.93),.PIECEWISE_BEZIER_KNOTS.);
#1079 = CARTESIAN_POINT('',(2.264,-5.16));
#1080 = CARTESIAN_POINT('',(2.264,-1.86));
#1081 = ( GEOMETRIC_REPRESENTATION_CONTEXT(2) 
PARAMETRIC_REPRESENTATION_CONTEXT() REPRESENTATION_CONTEXT('2D SPACE',''
  ) );
#1082 = PCURVE('',#1083,#1088);
#1083 = PLANE('',#1084);
#1084 = AXIS2_PLACEMENT_3D('',#1085,#1086,#1087);
#1085 = CARTESIAN_POINT('',(-3.365,-8.13,13.354));
#1086 = DIRECTION('',(0.,0.,1.));
#1087 = DIRECTION('',(1.,0.,-0.));
#1088 = DEFINITIONAL_REPRESENTATION('',(#1089),#1092);
#1089 = B_SPLINE_CURVE_WITH_KNOTS('',1,(#1090,#1091),.UNSPECIFIED.,.F.,
  .F.,(2,2),(-4.23,-0.93),.PIECEWISE_BEZIER_KNOTS.);
#1090 = CARTESIAN_POINT('',(3.365,3.3));
#1091 = CARTESIAN_POINT('',(3.365,0.));
#1092 = ( GEOMETRIC_REPRESENTATION_CONTEXT(2) 
PARAMETRIC_REPRESENTATION_CONTEXT() REPRESENTATION_CONTEXT('2D SPACE',''
  ) );
#1093 = ORIENTED_EDGE('',*,*,#1094,.F.);
#1094 = EDGE_CURVE('',#475,#1069,#1095,.T.);
#1095 = SURFACE_CURVE('',#1096,(#1100,#1106),.PCURVE_S1.);
#1096 = LINE('',#1097,#1098);
#1097 = CARTESIAN_POINT('',(0.,-4.83,10.34));
#1098 = VECTOR('',#1099,1.);
#1099 = DIRECTION('',(0.,0.,1.));
#1100 = PCURVE('',#363,#1101);
#1101 = DEFINITIONAL_REPRESENTATION('',(#1102),#1105);
#1102 = B_SPLINE_CURVE_WITH_KNOTS('',1,(#1103,#1104),.UNSPECIFIED.,.F.,
  .F.,(2,2),(0.75,3.014),.PIECEWISE_BEZIER_KNOTS.);
#1103 = CARTESIAN_POINT('',(0.,-5.16));
#1104 = CARTESIAN_POINT('',(2.264,-5.16));
#1105 = ( GEOMETRIC_REPRESENTATION_CONTEXT(2) 
PARAMETRIC_REPRESENTATION_CONTEXT() REPRESENTATION_CONTEXT('2D SPACE',''
  ) );
#1106 = PCURVE('',#684,#1107);
#1107 = DEFINITIONAL_REPRESENTATION('',(#1108),#1111);
#1108 = B_SPLINE_CURVE_WITH_KNOTS('',1,(#1109,#1110),.UNSPECIFIED.,.F.,
  .F.,(2,2),(0.75,3.014),.PIECEWISE_BEZIER_KNOTS.);
#1109 = CARTESIAN_POINT('',(1.5,3.365));
#1110 = CARTESIAN_POINT('',(3.764,3.365));
#1111 = ( GEOMETRIC_REPRESENTATION_CONTEXT(2) 
PARAMETRIC_REPRESENTATION_CONTEXT() REPRESENTATION_CONTEXT('2D SPACE',''
  ) );
#1112 = ORIENTED_EDGE('',*,*,#474,.T.);
#1113 = ORIENTED_EDGE('',*,*,#345,.T.);
#1114 = ORIENTED_EDGE('',*,*,#1115,.T.);
#1115 = EDGE_CURVE('',#348,#1116,#1118,.T.);
#1116 = VERTEX_POINT('',#1117);
#1117 = CARTESIAN_POINT('',(0.,-4.4,12.977));
#1118 = SURFACE_CURVE('',#1119,(#1123,#1129),.PCURVE_S1.);
#1119 = LINE('',#1120,#1121);
#1120 = CARTESIAN_POINT('',(0.,-7.195,12.977));
#1121 = VECTOR('',#1122,1.);
#1122 = DIRECTION('',(0.,-1.,0.));
#1123 = PCURVE('',#363,#1124);
#1124 = DEFINITIONAL_REPRESENTATION('',(#1125),#1128);
#1125 = B_SPLINE_CURVE_WITH_KNOTS('',1,(#1126,#1127),.UNSPECIFIED.,.F.,
  .F.,(2,2),(-3.115,-2.795),.PIECEWISE_BEZIER_KNOTS.);
#1126 = CARTESIAN_POINT('',(1.887,-5.91));
#1127 = CARTESIAN_POINT('',(1.887,-5.59));
#1128 = ( GEOMETRIC_REPRESENTATION_CONTEXT(2) 
PARAMETRIC_REPRESENTATION_CONTEXT() REPRESENTATION_CONTEXT('2D SPACE',''
  ) );
#1129 = PCURVE('',#460,#1130);
#1130 = DEFINITIONAL_REPRESENTATION('',(#1131),#1134);
#1131 = B_SPLINE_CURVE_WITH_KNOTS('',1,(#1132,#1133),.UNSPECIFIED.,.F.,
  .F.,(2,2),(-3.115,-2.795),.PIECEWISE_BEZIER_KNOTS.);
#1132 = CARTESIAN_POINT('',(1.5,0.32));
#1133 = CARTESIAN_POINT('',(1.5,0.));
#1134 = ( GEOMETRIC_REPRESENTATION_CONTEXT(2) 
PARAMETRIC_REPRESENTATION_CONTEXT() REPRESENTATION_CONTEXT('2D SPACE',''
  ) );
#1135 = ORIENTED_EDGE('',*,*,#1136,.T.);
#1136 = EDGE_CURVE('',#1116,#1137,#1139,.T.);
#1137 = VERTEX_POINT('',#1138);
#1138 = CARTESIAN_POINT('',(0.,-4.4,14.477));
#1139 = SURFACE_CURVE('',#1140,(#1144,#1150),.PCURVE_S1.);
#1140 = LINE('',#1141,#1142);
#1141 = CARTESIAN_POINT('',(0.,-4.4,12.0335));
#1142 = VECTOR('',#1143,1.);
#1143 = DIRECTION('',(0.,0.,1.));
#1144 = PCURVE('',#363,#1145);
#1145 = DEFINITIONAL_REPRESENTATION('',(#1146),#1149);
#1146 = B_SPLINE_CURVE_WITH_KNOTS('',1,(#1147,#1148),.UNSPECIFIED.,.F.,
  .F.,(2,2),(0.9435,2.4435),.PIECEWISE_BEZIER_KNOTS.);
#1147 = CARTESIAN_POINT('',(1.887,-5.59));
#1148 = CARTESIAN_POINT('',(3.387,-5.59));
#1149 = ( GEOMETRIC_REPRESENTATION_CONTEXT(2) 
PARAMETRIC_REPRESENTATION_CONTEXT() REPRESENTATION_CONTEXT('2D SPACE',''
  ) );
#1150 = PCURVE('',#930,#1151);
#1151 = DEFINITIONAL_REPRESENTATION('',(#1152),#1155);
#1152 = B_SPLINE_CURVE_WITH_KNOTS('',1,(#1153,#1154),.UNSPECIFIED.,.F.,
  .F.,(2,2),(0.9435,2.4435),.PIECEWISE_BEZIER_KNOTS.);
#1153 = CARTESIAN_POINT('',(0.,1.5));
#1154 = CARTESIAN_POINT('',(1.5,1.5));
#1155 = ( GEOMETRIC_REPRESENTATION_CONTEXT(2) 
PARAMETRIC_REPRESENTATION_CONTEXT() REPRESENTATION_CONTEXT('2D SPACE',''
  ) );
#1156 = ORIENTED_EDGE('',*,*,#1157,.F.);
#1157 = EDGE_CURVE('',#1019,#1137,#1158,.T.);
#1158 = SURFACE_CURVE('',#1159,(#1163,#1170),.PCURVE_S1.);
#1159 = LINE('',#1160,#1161);
#1160 = CARTESIAN_POINT('',(0.,-9.99,14.477));
#1161 = VECTOR('',#1162,1.);
#1162 = DIRECTION('',(-0.,1.,0.));
#1163 = PCURVE('',#363,#1164);
#1164 = DEFINITIONAL_REPRESENTATION('',(#1165),#1169);
#1165 = LINE('',#1166,#1167);
#1166 = CARTESIAN_POINT('',(3.387,0.));
#1167 = VECTOR('',#1168,1.);
#1168 = DIRECTION('',(0.,-1.));
#1169 = ( GEOMETRIC_REPRESENTATION_CONTEXT(2) 
PARAMETRIC_REPRESENTATION_CONTEXT() REPRESENTATION_CONTEXT('2D SPACE',''
  ) );
#1170 = PCURVE('',#1171,#1176);
#1171 = PLANE('',#1172);
#1172 = AXIS2_PLACEMENT_3D('',#1173,#1174,#1175);
#1173 = CARTESIAN_POINT('',(0.,-9.99,14.477));
#1174 = DIRECTION('',(0.,0.,1.));
#1175 = DIRECTION('',(1.,0.,-0.));
#1176 = DEFINITIONAL_REPRESENTATION('',(#1177),#1181);
#1177 = LINE('',#1178,#1179);
#1178 = CARTESIAN_POINT('',(0.,0.));
#1179 = VECTOR('',#1180,1.);
#1180 = DIRECTION('',(0.,1.));
#1181 = ( GEOMETRIC_REPRESENTATION_CONTEXT(2) 
PARAMETRIC_REPRESENTATION_CONTEXT() REPRESENTATION_CONTEXT('2D SPACE',''
  ) );
#1182 = ADVANCED_FACE('',(#1183),#460,.T.);
#1183 = FACE_BOUND('',#1184,.T.);
#1184 = EDGE_LOOP('',(#1185,#1208,#1229,#1230));
#1185 = ORIENTED_EDGE('',*,*,#1186,.F.);
#1186 = EDGE_CURVE('',#1187,#422,#1189,.T.);
#1187 = VERTEX_POINT('',#1188);
#1188 = CARTESIAN_POINT('',(-1.5,-4.4,12.977));
#1189 = SURFACE_CURVE('',#1190,(#1194,#1201),.PCURVE_S1.);
#1190 = LINE('',#1191,#1192);
#1191 = CARTESIAN_POINT('',(-1.5,-4.4,12.977));
#1192 = VECTOR('',#1193,1.);
#1193 = DIRECTION('',(-0.,1.,0.));
#1194 = PCURVE('',#460,#1195);
#1195 = DEFINITIONAL_REPRESENTATION('',(#1196),#1200);
#1196 = LINE('',#1197,#1198);
#1197 = CARTESIAN_POINT('',(0.,0.));
#1198 = VECTOR('',#1199,1.);
#1199 = DIRECTION('',(0.,1.));
#1200 = ( GEOMETRIC_REPRESENTATION_CONTEXT(2) 
PARAMETRIC_REPRESENTATION_CONTEXT() REPRESENTATION_CONTEXT('2D SPACE',''
  ) );
#1201 = PCURVE('',#436,#1202);
#1202 = DEFINITIONAL_REPRESENTATION('',(#1203),#1207);
#1203 = LINE('',#1204,#1205);
#1204 = CARTESIAN_POINT('',(0.,0.));
#1205 = VECTOR('',#1206,1.);
#1206 = DIRECTION('',(0.,-1.));
#1207 = ( GEOMETRIC_REPRESENTATION_CONTEXT(2) 
PARAMETRIC_REPRESENTATION_CONTEXT() REPRESENTATION_CONTEXT('2D SPACE',''
  ) );
#1208 = ORIENTED_EDGE('',*,*,#1209,.T.);
#1209 = EDGE_CURVE('',#1187,#1116,#1210,.T.);
#1210 = SURFACE_CURVE('',#1211,(#1215,#1222),.PCURVE_S1.);
#1211 = LINE('',#1212,#1213);
#1212 = CARTESIAN_POINT('',(-1.5,-4.4,12.977));
#1213 = VECTOR('',#1214,1.);
#1214 = DIRECTION('',(1.,0.,-0.));
#1215 = PCURVE('',#460,#1216);
#1216 = DEFINITIONAL_REPRESENTATION('',(#1217),#1221);
#1217 = LINE('',#1218,#1219);
#1218 = CARTESIAN_POINT('',(0.,0.));
#1219 = VECTOR('',#1220,1.);
#1220 = DIRECTION('',(1.,0.));
#1221 = ( GEOMETRIC_REPRESENTATION_CONTEXT(2) 
PARAMETRIC_REPRESENTATION_CONTEXT() REPRESENTATION_CONTEXT('2D SPACE',''
  ) );
#1222 = PCURVE('',#930,#1223);
#1223 = DEFINITIONAL_REPRESENTATION('',(#1224),#1228);
#1224 = LINE('',#1225,#1226);
#1225 = CARTESIAN_POINT('',(0.,0.));
#1226 = VECTOR('',#1227,1.);
#1227 = DIRECTION('',(0.,1.));
#1228 = ( GEOMETRIC_REPRESENTATION_CONTEXT(2) 
PARAMETRIC_REPRESENTATION_CONTEXT() REPRESENTATION_CONTEXT('2D SPACE',''
  ) );
#1229 = ORIENTED_EDGE('',*,*,#1115,.F.);
#1230 = ORIENTED_EDGE('',*,*,#447,.F.);
#1231 = ADVANCED_FACE('',(#1232),#436,.T.);
#1232 = FACE_BOUND('',#1233,.T.);
#1233 = EDGE_LOOP('',(#1234,#1255,#1256,#1257));
#1234 = ORIENTED_EDGE('',*,*,#1235,.F.);
#1235 = EDGE_CURVE('',#1187,#916,#1236,.T.);
#1236 = SURFACE_CURVE('',#1237,(#1241,#1248),.PCURVE_S1.);
#1237 = LINE('',#1238,#1239);
#1238 = CARTESIAN_POINT('',(-1.5,-4.4,12.977));
#1239 = VECTOR('',#1240,1.);
#1240 = DIRECTION('',(0.,0.,1.));
#1241 = PCURVE('',#436,#1242);
#1242 = DEFINITIONAL_REPRESENTATION('',(#1243),#1247);
#1243 = LINE('',#1244,#1245);
#1244 = CARTESIAN_POINT('',(0.,0.));
#1245 = VECTOR('',#1246,1.);
#1246 = DIRECTION('',(1.,0.));
#1247 = ( GEOMETRIC_REPRESENTATION_CONTEXT(2) 
PARAMETRIC_REPRESENTATION_CONTEXT() REPRESENTATION_CONTEXT('2D SPACE',''
  ) );
#1248 = PCURVE('',#930,#1249);
#1249 = DEFINITIONAL_REPRESENTATION('',(#1250),#1254);
#1250 = LINE('',#1251,#1252);
#1251 = CARTESIAN_POINT('',(0.,0.));
#1252 = VECTOR('',#1253,1.);
#1253 = DIRECTION('',(1.,0.));
#1254 = ( GEOMETRIC_REPRESENTATION_CONTEXT(2) 
PARAMETRIC_REPRESENTATION_CONTEXT() REPRESENTATION_CONTEXT('2D SPACE',''
  ) );
#1255 = ORIENTED_EDGE('',*,*,#1186,.T.);
#1256 = ORIENTED_EDGE('',*,*,#421,.F.);
#1257 = ORIENTED_EDGE('',*,*,#941,.F.);
#1258 = ADVANCED_FACE('',(#1259),#684,.F.);
#1259 = FACE_BOUND('',#1260,.F.);
#1260 = EDGE_LOOP('',(#1261,#1262,#1285,#1306));
#1261 = ORIENTED_EDGE('',*,*,#671,.T.);
#1262 = ORIENTED_EDGE('',*,*,#1263,.T.);
#1263 = EDGE_CURVE('',#646,#1264,#1266,.T.);
#1264 = VERTEX_POINT('',#1265);
#1265 = CARTESIAN_POINT('',(-3.365,-4.83,13.354));
#1266 = SURFACE_CURVE('',#1267,(#1271,#1278),.PCURVE_S1.);
#1267 = LINE('',#1268,#1269);
#1268 = CARTESIAN_POINT('',(-3.365,-4.83,9.59));
#1269 = VECTOR('',#1270,1.);
#1270 = DIRECTION('',(0.,0.,1.));
#1271 = PCURVE('',#684,#1272);
#1272 = DEFINITIONAL_REPRESENTATION('',(#1273),#1277);
#1273 = LINE('',#1274,#1275);
#1274 = CARTESIAN_POINT('',(0.,0.));
#1275 = VECTOR('',#1276,1.);
#1276 = DIRECTION('',(1.,0.));
#1277 = ( GEOMETRIC_REPRESENTATION_CONTEXT(2) 
PARAMETRIC_REPRESENTATION_CONTEXT() REPRESENTATION_CONTEXT('2D SPACE',''
  ) );
#1278 = PCURVE('',#660,#1279);
#1279 = DEFINITIONAL_REPRESENTATION('',(#1280),#1284);
#1280 = LINE('',#1281,#1282);
#1281 = CARTESIAN_POINT('',(0.,-3.3));
#1282 = VECTOR('',#1283,1.);
#1283 = DIRECTION('',(1.,0.));
#1284 = ( GEOMETRIC_REPRESENTATION_CONTEXT(2) 
PARAMETRIC_REPRESENTATION_CONTEXT() REPRESENTATION_CONTEXT('2D SPACE',''
  ) );
#1285 = ORIENTED_EDGE('',*,*,#1286,.T.);
#1286 = EDGE_CURVE('',#1264,#1069,#1287,.T.);
#1287 = SURFACE_CURVE('',#1288,(#1292,#1299),.PCURVE_S1.);
#1288 = LINE('',#1289,#1290);
#1289 = CARTESIAN_POINT('',(-3.365,-4.83,13.354));
#1290 = VECTOR('',#1291,1.);
#1291 = DIRECTION('',(1.,0.,-0.));
#1292 = PCURVE('',#684,#1293);
#1293 = DEFINITIONAL_REPRESENTATION('',(#1294),#1298);
#1294 = LINE('',#1295,#1296);
#1295 = CARTESIAN_POINT('',(3.764,0.));
#1296 = VECTOR('',#1297,1.);
#1297 = DIRECTION('',(0.,1.));
#1298 = ( GEOMETRIC_REPRESENTATION_CONTEXT(2) 
PARAMETRIC_REPRESENTATION_CONTEXT() REPRESENTATION_CONTEXT('2D SPACE',''
  ) );
#1299 = PCURVE('',#1083,#1300);
#1300 = DEFINITIONAL_REPRESENTATION('',(#1301),#1305);
#1301 = LINE('',#1302,#1303);
#1302 = CARTESIAN_POINT('',(0.,3.3));
#1303 = VECTOR('',#1304,1.);
#1304 = DIRECTION('',(1.,0.));
#1305 = ( GEOMETRIC_REPRESENTATION_CONTEXT(2) 
PARAMETRIC_REPRESENTATION_CONTEXT() REPRESENTATION_CONTEXT('2D SPACE',''
  ) );
#1306 = ORIENTED_EDGE('',*,*,#1094,.F.);
#1307 = ADVANCED_FACE('',(#1308),#660,.T.);
#1308 = FACE_BOUND('',#1309,.T.);
#1309 = EDGE_LOOP('',(#1310,#1347,#1348,#1349));
#1310 = ORIENTED_EDGE('',*,*,#1311,.F.);
#1311 = EDGE_CURVE('',#604,#1312,#1314,.T.);
#1312 = VERTEX_POINT('',#1313);
#1313 = CARTESIAN_POINT('',(-3.365,-4.881351977451,13.354));
#1314 = SURFACE_CURVE('',#1315,(#1320,#1327),.PCURVE_S1.);
#1315 = ELLIPSE('',#1316,2.262741699797,1.6);
#1316 = AXIS2_PLACEMENT_3D('',#1317,#1318,#1319);
#1317 = CARTESIAN_POINT('',(-3.365,-6.48,13.261));
#1318 = DIRECTION('',(1.,0.,-0.));
#1319 = DIRECTION('',(0.,0.,1.));
#1320 = PCURVE('',#660,#1321);
#1321 = DEFINITIONAL_REPRESENTATION('',(#1322),#1326);
#1322 = ELLIPSE('',#1323,2.262741699797,1.6);
#1323 = AXIS2_PLACEMENT_2D('',#1324,#1325);
#1324 = CARTESIAN_POINT('',(3.671,-1.65));
#1325 = DIRECTION('',(1.,0.));
#1326 = ( GEOMETRIC_REPRESENTATION_CONTEXT(2) 
PARAMETRIC_REPRESENTATION_CONTEXT() REPRESENTATION_CONTEXT('2D SPACE',''
  ) );
#1327 = PCURVE('',#620,#1328);
#1328 = DEFINITIONAL_REPRESENTATION('',(#1329),#1346);
#1329 = B_SPLINE_CURVE_WITH_KNOTS('',8,(#1330,#1331,#1332,#1333,#1334,
    #1335,#1336,#1337,#1338,#1339,#1340,#1341,#1342,#1343,#1344,#1345),
  .UNSPECIFIED.,.F.,.F.,(9,7,9),(1.429167124212,3.14159265359,
    4.854018182967),.UNSPECIFIED.);
#1330 = CARTESIAN_POINT('',(4.854018182967,3.396036123074));
#1331 = CARTESIAN_POINT('',(4.639964991795,3.056980204754));
#1332 = CARTESIAN_POINT('',(4.425911800623,2.706097640446));
#1333 = CARTESIAN_POINT('',(4.211858609448,2.367062580232));
#1334 = CARTESIAN_POINT('',(3.99780541825,2.064696654312));
#1335 = CARTESIAN_POINT('',(3.7837522271,1.821533968464));
#1336 = CARTESIAN_POINT('',(3.569699035934,1.653969264585));
#1337 = CARTESIAN_POINT('',(3.355645844762,1.570186217163));
#1338 = CARTESIAN_POINT('',(2.927539462418,1.570186217163));
#1339 = CARTESIAN_POINT('',(2.713486271247,1.653969264583));
#1340 = CARTESIAN_POINT('',(2.499433080061,1.821533968476));
#1341 = CARTESIAN_POINT('',(2.285379888908,2.064696654303));
#1342 = CARTESIAN_POINT('',(2.07132669772,2.367062580238));
#1343 = CARTESIAN_POINT('',(1.857273506557,2.706097640445));
#1344 = CARTESIAN_POINT('',(1.643220315384,3.056980204754));
#1345 = CARTESIAN_POINT('',(1.429167124212,3.396036123074));
#1346 = ( GEOMETRIC_REPRESENTATION_CONTEXT(2) 
PARAMETRIC_REPRESENTATION_CONTEXT() REPRESENTATION_CONTEXT('2D SPACE',''
  ) );
#1347 = ORIENTED_EDGE('',*,*,#645,.T.);
#1348 = ORIENTED_EDGE('',*,*,#1263,.T.);
#1349 = ORIENTED_EDGE('',*,*,#1350,.F.);
#1350 = EDGE_CURVE('',#1312,#1264,#1351,.T.);
#1351 = SURFACE_CURVE('',#1352,(#1356,#1363),.PCURVE_S1.);
#1352 = LINE('',#1353,#1354);
#1353 = CARTESIAN_POINT('',(-3.365,-8.13,13.354));
#1354 = VECTOR('',#1355,1.);
#1355 = DIRECTION('',(-0.,1.,0.));
#1356 = PCURVE('',#660,#1357);
#1357 = DEFINITIONAL_REPRESENTATION('',(#1358),#1362);
#1358 = LINE('',#1359,#1360);
#1359 = CARTESIAN_POINT('',(3.764,0.));
#1360 = VECTOR('',#1361,1.);
#1361 = DIRECTION('',(0.,-1.));
#1362 = ( GEOMETRIC_REPRESENTATION_CONTEXT(2) 
PARAMETRIC_REPRESENTATION_CONTEXT() REPRESENTATION_CONTEXT('2D SPACE',''
  ) );
#1363 = PCURVE('',#1083,#1364);
#1364 = DEFINITIONAL_REPRESENTATION('',(#1365),#1369);
#1365 = LINE('',#1366,#1367);
#1366 = CARTESIAN_POINT('',(0.,0.));
#1367 = VECTOR('',#1368,1.);
#1368 = DIRECTION('',(0.,1.));
#1369 = ( GEOMETRIC_REPRESENTATION_CONTEXT(2) 
PARAMETRIC_REPRESENTATION_CONTEXT() REPRESENTATION_CONTEXT('2D SPACE',''
  ) );
#1370 = ADVANCED_FACE('',(#1371),#620,.F.);
#1371 = FACE_BOUND('',#1372,.F.);
#1372 = EDGE_LOOP('',(#1373,#1398,#1420,#1421,#1449,#1450,#1451,#1488));
#1373 = ORIENTED_EDGE('',*,*,#1374,.T.);
#1374 = EDGE_CURVE('',#1375,#1377,#1379,.T.);
#1375 = VERTEX_POINT('',#1376);
#1376 = CARTESIAN_POINT('',(-1.195258300203,-6.48,13.354));
#1377 = VERTEX_POINT('',#1378);
#1378 = CARTESIAN_POINT('',(-2.466842712475,-6.48,14.625584412272));
#1379 = SEAM_CURVE('',#1380,(#1384,#1391),.PCURVE_S1.);
#1380 = LINE('',#1381,#1382);
#1381 = CARTESIAN_POINT('',(8.031021678297E-03,-6.48,12.150710678119));
#1382 = VECTOR('',#1383,1.);
#1383 = DIRECTION('',(-0.707106781187,0.,0.707106781187));
#1384 = PCURVE('',#620,#1385);
#1385 = DEFINITIONAL_REPRESENTATION('',(#1386),#1390);
#1386 = LINE('',#1387,#1388);
#1387 = CARTESIAN_POINT('',(6.28318530718,-0.));
#1388 = VECTOR('',#1389,1.);
#1389 = DIRECTION('',(0.,1.));
#1390 = ( GEOMETRIC_REPRESENTATION_CONTEXT(2) 
PARAMETRIC_REPRESENTATION_CONTEXT() REPRESENTATION_CONTEXT('2D SPACE',''
  ) );
#1391 = PCURVE('',#620,#1392);
#1392 = DEFINITIONAL_REPRESENTATION('',(#1393),#1397);
#1393 = LINE('',#1394,#1395);
#1394 = CARTESIAN_POINT('',(0.,-0.));
#1395 = VECTOR('',#1396,1.);
#1396 = DIRECTION('',(0.,1.));
#1397 = ( GEOMETRIC_REPRESENTATION_CONTEXT(2) 
PARAMETRIC_REPRESENTATION_CONTEXT() REPRESENTATION_CONTEXT('2D SPACE',''
  ) );
#1398 = ORIENTED_EDGE('',*,*,#1399,.F.);
#1399 = EDGE_CURVE('',#1377,#1377,#1400,.T.);
#1400 = SURFACE_CURVE('',#1401,(#1406,#1413),.PCURVE_S1.);
#1401 = CIRCLE('',#1402,1.6);
#1402 = AXIS2_PLACEMENT_3D('',#1403,#1404,#1405);
#1403 = CARTESIAN_POINT('',(-3.598213562373,-6.48,13.494213562373));
#1404 = DIRECTION('',(-0.707106781187,0.,0.707106781187));
#1405 = DIRECTION('',(0.707106781187,0.,0.707106781187));
#1406 = PCURVE('',#620,#1407);
#1407 = DEFINITIONAL_REPRESENTATION('',(#1408),#1412);
#1408 = LINE('',#1409,#1410);
#1409 = CARTESIAN_POINT('',(0.,3.5));
#1410 = VECTOR('',#1411,1.);
#1411 = DIRECTION('',(1.,0.));
#1412 = ( GEOMETRIC_REPRESENTATION_CONTEXT(2) 
PARAMETRIC_REPRESENTATION_CONTEXT() REPRESENTATION_CONTEXT('2D SPACE',''
  ) );
#1413 = PCURVE('',#1002,#1414);
#1414 = DEFINITIONAL_REPRESENTATION('',(#1415),#1419);
#1415 = CIRCLE('',#1416,1.6);
#1416 = AXIS2_PLACEMENT_2D('',#1417,#1418);
#1417 = CARTESIAN_POINT('',(0.,0.));
#1418 = DIRECTION('',(1.,0.));
#1419 = ( GEOMETRIC_REPRESENTATION_CONTEXT(2) 
PARAMETRIC_REPRESENTATION_CONTEXT() REPRESENTATION_CONTEXT('2D SPACE',''
  ) );
#1420 = ORIENTED_EDGE('',*,*,#1374,.F.);
#1421 = ORIENTED_EDGE('',*,*,#1422,.T.);
#1422 = EDGE_CURVE('',#1375,#1312,#1423,.T.);
#1423 = SURFACE_CURVE('',#1424,(#1429,#1442),.PCURVE_S1.);
#1424 = ELLIPSE('',#1425,2.262741699797,1.6);
#1425 = AXIS2_PLACEMENT_3D('',#1426,#1427,#1428);
#1426 = CARTESIAN_POINT('',(-3.458,-6.48,13.354));
#1427 = DIRECTION('',(0.,0.,1.));
#1428 = DIRECTION('',(-1.,0.,0.));
#1429 = PCURVE('',#620,#1430);
#1430 = DEFINITIONAL_REPRESENTATION('',(#1431),#1441);
#1431 = B_SPLINE_CURVE_WITH_KNOTS('',8,(#1432,#1433,#1434,#1435,#1436,
    #1437,#1438,#1439,#1440),.UNSPECIFIED.,.F.,.F.,(9,9),(3.14159265359,
    4.820210585563),.PIECEWISE_BEZIER_KNOTS.);
#1432 = CARTESIAN_POINT('',(0.,1.701708078463));
#1433 = CARTESIAN_POINT('',(0.209827241497,1.701708078463));
#1434 = CARTESIAN_POINT('',(0.419654482993,1.78221558312));
#1435 = CARTESIAN_POINT('',(0.629481724488,1.943229447131));
#1436 = CARTESIAN_POINT('',(0.839308965988,2.177192790183));
#1437 = CARTESIAN_POINT('',(1.04913620748,2.468969307103));
#1438 = CARTESIAN_POINT('',(1.25896344898,2.797676814064));
#1439 = CARTESIAN_POINT('',(1.468790690477,3.140114580478));
#1440 = CARTESIAN_POINT('',(1.678617931973,3.473888579682));
#1441 = ( GEOMETRIC_REPRESENTATION_CONTEXT(2) 
PARAMETRIC_REPRESENTATION_CONTEXT() REPRESENTATION_CONTEXT('2D SPACE',''
  ) );
#1442 = PCURVE('',#1083,#1443);
#1443 = DEFINITIONAL_REPRESENTATION('',(#1444),#1448);
#1444 = ELLIPSE('',#1445,2.262741699797,1.6);
#1445 = AXIS2_PLACEMENT_2D('',#1446,#1447);
#1446 = CARTESIAN_POINT('',(-9.3E-02,1.65));
#1447 = DIRECTION('',(-1.,0.));
#1448 = ( GEOMETRIC_REPRESENTATION_CONTEXT(2) 
PARAMETRIC_REPRESENTATION_CONTEXT() REPRESENTATION_CONTEXT('2D SPACE',''
  ) );
#1449 = ORIENTED_EDGE('',*,*,#1311,.F.);
#1450 = ORIENTED_EDGE('',*,*,#603,.T.);
#1451 = ORIENTED_EDGE('',*,*,#1452,.F.);
#1452 = EDGE_CURVE('',#1453,#578,#1455,.T.);
#1453 = VERTEX_POINT('',#1454);
#1454 = CARTESIAN_POINT('',(-3.365,-8.078648022549,13.354));
#1455 = SURFACE_CURVE('',#1456,(#1461,#1481),.PCURVE_S1.);
#1456 = ELLIPSE('',#1457,2.262741699797,1.6);
#1457 = AXIS2_PLACEMENT_3D('',#1458,#1459,#1460);
#1458 = CARTESIAN_POINT('',(-3.365,-6.48,13.261));
#1459 = DIRECTION('',(1.,0.,-0.));
#1460 = DIRECTION('',(0.,0.,1.));
#1461 = PCURVE('',#620,#1462);
#1462 = DEFINITIONAL_REPRESENTATION('',(#1463),#1480);
#1463 = B_SPLINE_CURVE_WITH_KNOTS('',8,(#1464,#1465,#1466,#1467,#1468,
    #1469,#1470,#1471,#1472,#1473,#1474,#1475,#1476,#1477,#1478,#1479),
  .UNSPECIFIED.,.F.,.F.,(9,7,9),(1.429167124212,3.14159265359,
    4.854018182967),.UNSPECIFIED.);
#1464 = CARTESIAN_POINT('',(4.854018182967,3.396036123074));
#1465 = CARTESIAN_POINT('',(4.639964991795,3.056980204754));
#1466 = CARTESIAN_POINT('',(4.425911800623,2.706097640446));
#1467 = CARTESIAN_POINT('',(4.211858609448,2.367062580232));
#1468 = CARTESIAN_POINT('',(3.99780541825,2.064696654312));
#1469 = CARTESIAN_POINT('',(3.7837522271,1.821533968464));
#1470 = CARTESIAN_POINT('',(3.569699035934,1.653969264585));
#1471 = CARTESIAN_POINT('',(3.355645844762,1.570186217163));
#1472 = CARTESIAN_POINT('',(2.927539462418,1.570186217163));
#1473 = CARTESIAN_POINT('',(2.713486271247,1.653969264583));
#1474 = CARTESIAN_POINT('',(2.499433080061,1.821533968476));
#1475 = CARTESIAN_POINT('',(2.285379888908,2.064696654303));
#1476 = CARTESIAN_POINT('',(2.07132669772,2.367062580238));
#1477 = CARTESIAN_POINT('',(1.857273506557,2.706097640445));
#1478 = CARTESIAN_POINT('',(1.643220315384,3.056980204754));
#1479 = CARTESIAN_POINT('',(1.429167124212,3.396036123074));
#1480 = ( GEOMETRIC_REPRESENTATION_CONTEXT(2) 
PARAMETRIC_REPRESENTATION_CONTEXT() REPRESENTATION_CONTEXT('2D SPACE',''
  ) );
#1481 = PCURVE('',#592,#1482);
#1482 = DEFINITIONAL_REPRESENTATION('',(#1483),#1487);
#1483 = ELLIPSE('',#1484,2.262741699797,1.6);
#1484 = AXIS2_PLACEMENT_2D('',#1485,#1486);
#1485 = CARTESIAN_POINT('',(3.671,-1.65));
#1486 = DIRECTION('',(1.,0.));
#1487 = ( GEOMETRIC_REPRESENTATION_CONTEXT(2) 
PARAMETRIC_REPRESENTATION_CONTEXT() REPRESENTATION_CONTEXT('2D SPACE',''
  ) );
#1488 = ORIENTED_EDGE('',*,*,#1489,.T.);
#1489 = EDGE_CURVE('',#1453,#1375,#1490,.T.);
#1490 = SURFACE_CURVE('',#1491,(#1496,#1509),.PCURVE_S1.);
#1491 = ELLIPSE('',#1492,2.262741699797,1.6);
#1492 = AXIS2_PLACEMENT_3D('',#1493,#1494,#1495);
#1493 = CARTESIAN_POINT('',(-3.458,-6.48,13.354));
#1494 = DIRECTION('',(0.,0.,1.));
#1495 = DIRECTION('',(-1.,0.,0.));
#1496 = PCURVE('',#620,#1497);
#1497 = DEFINITIONAL_REPRESENTATION('',(#1498),#1508);
#1498 = B_SPLINE_CURVE_WITH_KNOTS('',8,(#1499,#1500,#1501,#1502,#1503,
    #1504,#1505,#1506,#1507),.UNSPECIFIED.,.F.,.F.,(9,9),(1.462974721617
    ,3.14159265359),.PIECEWISE_BEZIER_KNOTS.);
#1499 = CARTESIAN_POINT('',(4.604567375206,3.473888579682));
#1500 = CARTESIAN_POINT('',(4.814394616703,3.140114580478));
#1501 = CARTESIAN_POINT('',(5.0242218582,2.797676814062));
#1502 = CARTESIAN_POINT('',(5.234049099699,2.468969307099));
#1503 = CARTESIAN_POINT('',(5.443876341194,2.177192790188));
#1504 = CARTESIAN_POINT('',(5.653703582691,1.943229447126));
#1505 = CARTESIAN_POINT('',(5.863530824186,1.782215583121));
#1506 = CARTESIAN_POINT('',(6.073358065683,1.701708078463));
#1507 = CARTESIAN_POINT('',(6.28318530718,1.701708078463));
#1508 = ( GEOMETRIC_REPRESENTATION_CONTEXT(2) 
PARAMETRIC_REPRESENTATION_CONTEXT() REPRESENTATION_CONTEXT('2D SPACE',''
  ) );
#1509 = PCURVE('',#1083,#1510);
#1510 = DEFINITIONAL_REPRESENTATION('',(#1511),#1515);
#1511 = ELLIPSE('',#1512,2.262741699797,1.6);
#1512 = AXIS2_PLACEMENT_2D('',#1513,#1514);
#1513 = CARTESIAN_POINT('',(-9.3E-02,1.65));
#1514 = DIRECTION('',(-1.,0.));
#1515 = ( GEOMETRIC_REPRESENTATION_CONTEXT(2) 
PARAMETRIC_REPRESENTATION_CONTEXT() REPRESENTATION_CONTEXT('2D SPACE',''
  ) );
#1516 = ADVANCED_FACE('',(#1517),#592,.T.);
#1517 = FACE_BOUND('',#1518,.T.);
#1518 = EDGE_LOOP('',(#1519,#1542,#1543,#1544));
#1519 = ORIENTED_EDGE('',*,*,#1520,.F.);
#1520 = EDGE_CURVE('',#552,#1521,#1523,.T.);
#1521 = VERTEX_POINT('',#1522);
#1522 = CARTESIAN_POINT('',(-3.365,-8.13,13.354));
#1523 = SURFACE_CURVE('',#1524,(#1528,#1535),.PCURVE_S1.);
#1524 = LINE('',#1525,#1526);
#1525 = CARTESIAN_POINT('',(-3.365,-8.13,9.59));
#1526 = VECTOR('',#1527,1.);
#1527 = DIRECTION('',(0.,0.,1.));
#1528 = PCURVE('',#592,#1529);
#1529 = DEFINITIONAL_REPRESENTATION('',(#1530),#1534);
#1530 = LINE('',#1531,#1532);
#1531 = CARTESIAN_POINT('',(0.,0.));
#1532 = VECTOR('',#1533,1.);
#1533 = DIRECTION('',(1.,0.));
#1534 = ( GEOMETRIC_REPRESENTATION_CONTEXT(2) 
PARAMETRIC_REPRESENTATION_CONTEXT() REPRESENTATION_CONTEXT('2D SPACE',''
  ) );
#1535 = PCURVE('',#566,#1536);
#1536 = DEFINITIONAL_REPRESENTATION('',(#1537),#1541);
#1537 = LINE('',#1538,#1539);
#1538 = CARTESIAN_POINT('',(0.,0.));
#1539 = VECTOR('',#1540,1.);
#1540 = DIRECTION('',(1.,0.));
#1541 = ( GEOMETRIC_REPRESENTATION_CONTEXT(2) 
PARAMETRIC_REPRESENTATION_CONTEXT() REPRESENTATION_CONTEXT('2D SPACE',''
  ) );
#1542 = ORIENTED_EDGE('',*,*,#577,.T.);
#1543 = ORIENTED_EDGE('',*,*,#1452,.F.);
#1544 = ORIENTED_EDGE('',*,*,#1545,.F.);
#1545 = EDGE_CURVE('',#1521,#1453,#1546,.T.);
#1546 = SURFACE_CURVE('',#1547,(#1551,#1558),.PCURVE_S1.);
#1547 = LINE('',#1548,#1549);
#1548 = CARTESIAN_POINT('',(-3.365,-8.13,13.354));
#1549 = VECTOR('',#1550,1.);
#1550 = DIRECTION('',(-0.,1.,0.));
#1551 = PCURVE('',#592,#1552);
#1552 = DEFINITIONAL_REPRESENTATION('',(#1553),#1557);
#1553 = LINE('',#1554,#1555);
#1554 = CARTESIAN_POINT('',(3.764,0.));
#1555 = VECTOR('',#1556,1.);
#1556 = DIRECTION('',(0.,-1.));
#1557 = ( GEOMETRIC_REPRESENTATION_CONTEXT(2) 
PARAMETRIC_REPRESENTATION_CONTEXT() REPRESENTATION_CONTEXT('2D SPACE',''
  ) );
#1558 = PCURVE('',#1083,#1559);
#1559 = DEFINITIONAL_REPRESENTATION('',(#1560),#1564);
#1560 = LINE('',#1561,#1562);
#1561 = CARTESIAN_POINT('',(0.,0.));
#1562 = VECTOR('',#1563,1.);
#1563 = DIRECTION('',(0.,1.));
#1564 = ( GEOMETRIC_REPRESENTATION_CONTEXT(2) 
PARAMETRIC_REPRESENTATION_CONTEXT() REPRESENTATION_CONTEXT('2D SPACE',''
  ) );
#1565 = ADVANCED_FACE('',(#1566),#566,.T.);
#1566 = FACE_BOUND('',#1567,.T.);
#1567 = EDGE_LOOP('',(#1568,#1569,#1570,#1591));
#1568 = ORIENTED_EDGE('',*,*,#551,.T.);
#1569 = ORIENTED_EDGE('',*,*,#1520,.T.);
#1570 = ORIENTED_EDGE('',*,*,#1571,.T.);
#1571 = EDGE_CURVE('',#1521,#1048,#1572,.T.);
#1572 = SURFACE_CURVE('',#1573,(#1577,#1584),.PCURVE_S1.);
#1573 = LINE('',#1574,#1575);
#1574 = CARTESIAN_POINT('',(-3.365,-8.13,13.354));
#1575 = VECTOR('',#1576,1.);
#1576 = DIRECTION('',(1.,0.,-0.));
#1577 = PCURVE('',#566,#1578);
#1578 = DEFINITIONAL_REPRESENTATION('',(#1579),#1583);
#1579 = LINE('',#1580,#1581);
#1580 = CARTESIAN_POINT('',(3.764,0.));
#1581 = VECTOR('',#1582,1.);
#1582 = DIRECTION('',(0.,1.));
#1583 = ( GEOMETRIC_REPRESENTATION_CONTEXT(2) 
PARAMETRIC_REPRESENTATION_CONTEXT() REPRESENTATION_CONTEXT('2D SPACE',''
  ) );
#1584 = PCURVE('',#1083,#1585);
#1585 = DEFINITIONAL_REPRESENTATION('',(#1586),#1590);
#1586 = LINE('',#1587,#1588);
#1587 = CARTESIAN_POINT('',(0.,0.));
#1588 = VECTOR('',#1589,1.);
#1589 = DIRECTION('',(1.,0.));
#1590 = ( GEOMETRIC_REPRESENTATION_CONTEXT(2) 
PARAMETRIC_REPRESENTATION_CONTEXT() REPRESENTATION_CONTEXT('2D SPACE',''
  ) );
#1591 = ORIENTED_EDGE('',*,*,#1047,.F.);
#1592 = ADVANCED_FACE('',(#1593),#516,.F.);
#1593 = FACE_BOUND('',#1594,.F.);
#1594 = EDGE_LOOP('',(#1595,#1596,#1619,#1640));
#1595 = ORIENTED_EDGE('',*,*,#756,.F.);
#1596 = ORIENTED_EDGE('',*,*,#1597,.T.);
#1597 = EDGE_CURVE('',#729,#1598,#1600,.T.);
#1598 = VERTEX_POINT('',#1599);
#1599 = CARTESIAN_POINT('',(0.,-8.59,6.95));
#1600 = SURFACE_CURVE('',#1601,(#1605,#1612),.PCURVE_S1.);
#1601 = LINE('',#1602,#1603);
#1602 = CARTESIAN_POINT('',(0.,-9.99,6.95));
#1603 = VECTOR('',#1604,1.);
#1604 = DIRECTION('',(-0.,1.,0.));
#1605 = PCURVE('',#516,#1606);
#1606 = DEFINITIONAL_REPRESENTATION('',(#1607),#1611);
#1607 = LINE('',#1608,#1609);
#1608 = CARTESIAN_POINT('',(0.,0.));
#1609 = VECTOR('',#1610,1.);
#1610 = DIRECTION('',(0.,-1.));
#1611 = ( GEOMETRIC_REPRESENTATION_CONTEXT(2) 
PARAMETRIC_REPRESENTATION_CONTEXT() REPRESENTATION_CONTEXT('2D SPACE',''
  ) );
#1612 = PCURVE('',#744,#1613);
#1613 = DEFINITIONAL_REPRESENTATION('',(#1614),#1618);
#1614 = LINE('',#1615,#1616);
#1615 = CARTESIAN_POINT('',(0.,0.));
#1616 = VECTOR('',#1617,1.);
#1617 = DIRECTION('',(0.,1.));
#1618 = ( GEOMETRIC_REPRESENTATION_CONTEXT(2) 
PARAMETRIC_REPRESENTATION_CONTEXT() REPRESENTATION_CONTEXT('2D SPACE',''
  ) );
#1619 = ORIENTED_EDGE('',*,*,#1620,.T.);
#1620 = EDGE_CURVE('',#1598,#501,#1621,.T.);
#1621 = SURFACE_CURVE('',#1622,(#1626,#1633),.PCURVE_S1.);
#1622 = LINE('',#1623,#1624);
#1623 = CARTESIAN_POINT('',(0.,-8.59,6.95));
#1624 = VECTOR('',#1625,1.);
#1625 = DIRECTION('',(0.,0.,1.));
#1626 = PCURVE('',#516,#1627);
#1627 = DEFINITIONAL_REPRESENTATION('',(#1628),#1632);
#1628 = LINE('',#1629,#1630);
#1629 = CARTESIAN_POINT('',(0.,-1.4));
#1630 = VECTOR('',#1631,1.);
#1631 = DIRECTION('',(1.,0.));
#1632 = ( GEOMETRIC_REPRESENTATION_CONTEXT(2) 
PARAMETRIC_REPRESENTATION_CONTEXT() REPRESENTATION_CONTEXT('2D SPACE',''
  ) );
#1633 = PCURVE('',#1034,#1634);
#1634 = DEFINITIONAL_REPRESENTATION('',(#1635),#1639);
#1635 = LINE('',#1636,#1637);
#1636 = CARTESIAN_POINT('',(0.,0.));
#1637 = VECTOR('',#1638,1.);
#1638 = DIRECTION('',(1.,0.));
#1639 = ( GEOMETRIC_REPRESENTATION_CONTEXT(2) 
PARAMETRIC_REPRESENTATION_CONTEXT() REPRESENTATION_CONTEXT('2D SPACE',''
  ) );
#1640 = ORIENTED_EDGE('',*,*,#500,.F.);
#1641 = ADVANCED_FACE('',(#1642),#716,.T.);
#1642 = FACE_BOUND('',#1643,.T.);
#1643 = EDGE_LOOP('',(#1644,#1645,#1668,#1691));
#1644 = ORIENTED_EDGE('',*,*,#698,.F.);
#1645 = ORIENTED_EDGE('',*,*,#1646,.T.);
#1646 = EDGE_CURVE('',#699,#1647,#1649,.T.);
#1647 = VERTEX_POINT('',#1648);
#1648 = CARTESIAN_POINT('',(10.,-8.59,6.95));
#1649 = SURFACE_CURVE('',#1650,(#1654,#1661),.PCURVE_S1.);
#1650 = LINE('',#1651,#1652);
#1651 = CARTESIAN_POINT('',(10.,-9.99,6.95));
#1652 = VECTOR('',#1653,1.);
#1653 = DIRECTION('',(-0.,1.,0.));
#1654 = PCURVE('',#716,#1655);
#1655 = DEFINITIONAL_REPRESENTATION('',(#1656),#1660);
#1656 = LINE('',#1657,#1658);
#1657 = CARTESIAN_POINT('',(0.,0.));
#1658 = VECTOR('',#1659,1.);
#1659 = DIRECTION('',(0.,-1.));
#1660 = ( GEOMETRIC_REPRESENTATION_CONTEXT(2) 
PARAMETRIC_REPRESENTATION_CONTEXT() REPRESENTATION_CONTEXT('2D SPACE',''
  ) );
#1661 = PCURVE('',#744,#1662);
#1662 = DEFINITIONAL_REPRESENTATION('',(#1663),#1667);
#1663 = LINE('',#1664,#1665);
#1664 = CARTESIAN_POINT('',(10.,0.));
#1665 = VECTOR('',#1666,1.);
#1666 = DIRECTION('',(0.,1.));
#1667 = ( GEOMETRIC_REPRESENTATION_CONTEXT(2) 
PARAMETRIC_REPRESENTATION_CONTEXT() REPRESENTATION_CONTEXT('2D SPACE',''
  ) );
#1668 = ORIENTED_EDGE('',*,*,#1669,.T.);
#1669 = EDGE_CURVE('',#1647,#1670,#1672,.T.);
#1670 = VERTEX_POINT('',#1671);
#1671 = CARTESIAN_POINT('',(10.,-8.59,14.477));
#1672 = SURFACE_CURVE('',#1673,(#1677,#1684),.PCURVE_S1.);
#1673 = LINE('',#1674,#1675);
#1674 = CARTESIAN_POINT('',(10.,-8.59,6.95));
#1675 = VECTOR('',#1676,1.);
#1676 = DIRECTION('',(0.,0.,1.));
#1677 = PCURVE('',#716,#1678);
#1678 = DEFINITIONAL_REPRESENTATION('',(#1679),#1683);
#1679 = LINE('',#1680,#1681);
#1680 = CARTESIAN_POINT('',(0.,-1.4));
#1681 = VECTOR('',#1682,1.);
#1682 = DIRECTION('',(1.,0.));
#1683 = ( GEOMETRIC_REPRESENTATION_CONTEXT(2) 
PARAMETRIC_REPRESENTATION_CONTEXT() REPRESENTATION_CONTEXT('2D SPACE',''
  ) );
#1684 = PCURVE('',#1034,#1685);
#1685 = DEFINITIONAL_REPRESENTATION('',(#1686),#1690);
#1686 = LINE('',#1687,#1688);
#1687 = CARTESIAN_POINT('',(0.,10.));
#1688 = VECTOR('',#1689,1.);
#1689 = DIRECTION('',(1.,0.));
#1690 = ( GEOMETRIC_REPRESENTATION_CONTEXT(2) 
PARAMETRIC_REPRESENTATION_CONTEXT() REPRESENTATION_CONTEXT('2D SPACE',''
  ) );
#1691 = ORIENTED_EDGE('',*,*,#1692,.F.);
#1692 = EDGE_CURVE('',#701,#1670,#1693,.T.);
#1693 = SURFACE_CURVE('',#1694,(#1698,#1705),.PCURVE_S1.);
#1694 = LINE('',#1695,#1696);
#1695 = CARTESIAN_POINT('',(10.,-9.99,14.477));
#1696 = VECTOR('',#1697,1.);
#1697 = DIRECTION('',(-0.,1.,0.));
#1698 = PCURVE('',#716,#1699);
#1699 = DEFINITIONAL_REPRESENTATION('',(#1700),#1704);
#1700 = LINE('',#1701,#1702);
#1701 = CARTESIAN_POINT('',(7.527,0.));
#1702 = VECTOR('',#1703,1.);
#1703 = DIRECTION('',(0.,-1.));
#1704 = ( GEOMETRIC_REPRESENTATION_CONTEXT(2) 
PARAMETRIC_REPRESENTATION_CONTEXT() REPRESENTATION_CONTEXT('2D SPACE',''
  ) );
#1705 = PCURVE('',#818,#1706);
#1706 = DEFINITIONAL_REPRESENTATION('',(#1707),#1711);
#1707 = LINE('',#1708,#1709);
#1708 = CARTESIAN_POINT('',(7.527,0.));
#1709 = VECTOR('',#1710,1.);
#1710 = DIRECTION('',(0.,-1.));
#1711 = ( GEOMETRIC_REPRESENTATION_CONTEXT(2) 
PARAMETRIC_REPRESENTATION_CONTEXT() REPRESENTATION_CONTEXT('2D SPACE',''
  ) );
#1712 = ADVANCED_FACE('',(#1713),#744,.F.);
#1713 = FACE_BOUND('',#1714,.F.);
#1714 = EDGE_LOOP('',(#1715,#1716,#1717,#1718));
#1715 = ORIENTED_EDGE('',*,*,#1597,.F.);
#1716 = ORIENTED_EDGE('',*,*,#728,.T.);
#1717 = ORIENTED_EDGE('',*,*,#1646,.T.);
#1718 = ORIENTED_EDGE('',*,*,#1719,.F.);
#1719 = EDGE_CURVE('',#1598,#1647,#1720,.T.);
#1720 = SURFACE_CURVE('',#1721,(#1725,#1732),.PCURVE_S1.);
#1721 = LINE('',#1722,#1723);
#1722 = CARTESIAN_POINT('',(0.,-8.59,6.95));
#1723 = VECTOR('',#1724,1.);
#1724 = DIRECTION('',(1.,0.,-0.));
#1725 = PCURVE('',#744,#1726);
#1726 = DEFINITIONAL_REPRESENTATION('',(#1727),#1731);
#1727 = LINE('',#1728,#1729);
#1728 = CARTESIAN_POINT('',(0.,1.4));
#1729 = VECTOR('',#1730,1.);
#1730 = DIRECTION('',(1.,0.));
#1731 = ( GEOMETRIC_REPRESENTATION_CONTEXT(2) 
PARAMETRIC_REPRESENTATION_CONTEXT() REPRESENTATION_CONTEXT('2D SPACE',''
  ) );
#1732 = PCURVE('',#1034,#1733);
#1733 = DEFINITIONAL_REPRESENTATION('',(#1734),#1738);
#1734 = LINE('',#1735,#1736);
#1735 = CARTESIAN_POINT('',(0.,0.));
#1736 = VECTOR('',#1737,1.);
#1737 = DIRECTION('',(0.,1.));
#1738 = ( GEOMETRIC_REPRESENTATION_CONTEXT(2) 
PARAMETRIC_REPRESENTATION_CONTEXT() REPRESENTATION_CONTEXT('2D SPACE',''
  ) );
#1739 = ADVANCED_FACE('',(#1740),#818,.T.);
#1740 = FACE_BOUND('',#1741,.T.);
#1741 = EDGE_LOOP('',(#1742,#1743,#1744,#1772));
#1742 = ORIENTED_EDGE('',*,*,#802,.F.);
#1743 = ORIENTED_EDGE('',*,*,#1692,.T.);
#1744 = ORIENTED_EDGE('',*,*,#1745,.T.);
#1745 = EDGE_CURVE('',#1670,#1746,#1748,.T.);
#1746 = VERTEX_POINT('',#1747);
#1747 = CARTESIAN_POINT('',(10.,-8.59,16.377));
#1748 = SURFACE_CURVE('',#1749,(#1753,#1760),.PCURVE_S1.);
#1749 = LINE('',#1750,#1751);
#1750 = CARTESIAN_POINT('',(10.,-8.59,6.95));
#1751 = VECTOR('',#1752,1.);
#1752 = DIRECTION('',(0.,0.,1.));
#1753 = PCURVE('',#818,#1754);
#1754 = DEFINITIONAL_REPRESENTATION('',(#1755),#1759);
#1755 = LINE('',#1756,#1757);
#1756 = CARTESIAN_POINT('',(0.,-1.4));
#1757 = VECTOR('',#1758,1.);
#1758 = DIRECTION('',(1.,0.));
#1759 = ( GEOMETRIC_REPRESENTATION_CONTEXT(2) 
PARAMETRIC_REPRESENTATION_CONTEXT() REPRESENTATION_CONTEXT('2D SPACE',''
  ) );
#1760 = PCURVE('',#1761,#1766);
#1761 = PLANE('',#1762);
#1762 = AXIS2_PLACEMENT_3D('',#1763,#1764,#1765);
#1763 = CARTESIAN_POINT('',(10.,-9.99,14.477));
#1764 = DIRECTION('',(1.,0.,-0.));
#1765 = DIRECTION('',(0.,0.,1.));
#1766 = DEFINITIONAL_REPRESENTATION('',(#1767),#1771);
#1767 = LINE('',#1768,#1769);
#1768 = CARTESIAN_POINT('',(-7.527,-1.4));
#1769 = VECTOR('',#1770,1.);
#1770 = DIRECTION('',(1.,0.));
#1771 = ( GEOMETRIC_REPRESENTATION_CONTEXT(2) 
PARAMETRIC_REPRESENTATION_CONTEXT() REPRESENTATION_CONTEXT('2D SPACE',''
  ) );
#1772 = ORIENTED_EDGE('',*,*,#1773,.F.);
#1773 = EDGE_CURVE('',#803,#1746,#1774,.T.);
#1774 = SURFACE_CURVE('',#1775,(#1779,#1786),.PCURVE_S1.);
#1775 = LINE('',#1776,#1777);
#1776 = CARTESIAN_POINT('',(10.,-9.99,16.377));
#1777 = VECTOR('',#1778,1.);
#1778 = DIRECTION('',(-0.,1.,0.));
#1779 = PCURVE('',#818,#1780);
#1780 = DEFINITIONAL_REPRESENTATION('',(#1781),#1785);
#1781 = LINE('',#1782,#1783);
#1782 = CARTESIAN_POINT('',(9.427,0.));
#1783 = VECTOR('',#1784,1.);
#1784 = DIRECTION('',(0.,-1.));
#1785 = ( GEOMETRIC_REPRESENTATION_CONTEXT(2) 
PARAMETRIC_REPRESENTATION_CONTEXT() REPRESENTATION_CONTEXT('2D SPACE',''
  ) );
#1786 = PCURVE('',#846,#1787);
#1787 = DEFINITIONAL_REPRESENTATION('',(#1788),#1792);
#1788 = LINE('',#1789,#1790);
#1789 = CARTESIAN_POINT('',(10.,0.));
#1790 = VECTOR('',#1791,1.);
#1791 = DIRECTION('',(0.,1.));
#1792 = ( GEOMETRIC_REPRESENTATION_CONTEXT(2) 
PARAMETRIC_REPRESENTATION_CONTEXT() REPRESENTATION_CONTEXT('2D SPACE',''
  ) );
#1793 = ADVANCED_FACE('',(#1794),#846,.T.);
#1794 = FACE_BOUND('',#1795,.T.);
#1795 = EDGE_LOOP('',(#1796,#1797,#1798,#1799));
#1796 = ORIENTED_EDGE('',*,*,#864,.F.);
#1797 = ORIENTED_EDGE('',*,*,#832,.T.);
#1798 = ORIENTED_EDGE('',*,*,#1773,.T.);
#1799 = ORIENTED_EDGE('',*,*,#1800,.F.);
#1800 = EDGE_CURVE('',#865,#1746,#1801,.T.);
#1801 = SURFACE_CURVE('',#1802,(#1806,#1813),.PCURVE_S1.);
#1802 = LINE('',#1803,#1804);
#1803 = CARTESIAN_POINT('',(0.,-8.59,16.377));
#1804 = VECTOR('',#1805,1.);
#1805 = DIRECTION('',(1.,0.,-0.));
#1806 = PCURVE('',#846,#1807);
#1807 = DEFINITIONAL_REPRESENTATION('',(#1808),#1812);
#1808 = LINE('',#1809,#1810);
#1809 = CARTESIAN_POINT('',(0.,1.4));
#1810 = VECTOR('',#1811,1.);
#1811 = DIRECTION('',(1.,0.));
#1812 = ( GEOMETRIC_REPRESENTATION_CONTEXT(2) 
PARAMETRIC_REPRESENTATION_CONTEXT() REPRESENTATION_CONTEXT('2D SPACE',''
  ) );
#1813 = PCURVE('',#903,#1814);
#1814 = DEFINITIONAL_REPRESENTATION('',(#1815),#1819);
#1815 = LINE('',#1816,#1817);
#1816 = CARTESIAN_POINT('',(0.,1.4));
#1817 = VECTOR('',#1818,1.);
#1818 = DIRECTION('',(1.,0.));
#1819 = ( GEOMETRIC_REPRESENTATION_CONTEXT(2) 
PARAMETRIC_REPRESENTATION_CONTEXT() REPRESENTATION_CONTEXT('2D SPACE',''
  ) );
#1820 = ADVANCED_FACE('',(#1821),#930,.T.);
#1821 = FACE_BOUND('',#1822,.T.);
#1822 = EDGE_LOOP('',(#1823,#1824,#1825,#1826,#1847,#1875,#1894));
#1823 = ORIENTED_EDGE('',*,*,#1209,.F.);
#1824 = ORIENTED_EDGE('',*,*,#1235,.T.);
#1825 = ORIENTED_EDGE('',*,*,#915,.F.);
#1826 = ORIENTED_EDGE('',*,*,#1827,.F.);
#1827 = EDGE_CURVE('',#1828,#888,#1830,.T.);
#1828 = VERTEX_POINT('',#1829);
#1829 = CARTESIAN_POINT('',(7.3,-4.4,16.377));
#1830 = SURFACE_CURVE('',#1831,(#1835,#1841),.PCURVE_S1.);
#1831 = LINE('',#1832,#1833);
#1832 = CARTESIAN_POINT('',(-0.75,-4.4,16.377));
#1833 = VECTOR('',#1834,1.);
#1834 = DIRECTION('',(-1.,-0.,0.));
#1835 = PCURVE('',#930,#1836);
#1836 = DEFINITIONAL_REPRESENTATION('',(#1837),#1840);
#1837 = B_SPLINE_CURVE_WITH_KNOTS('',1,(#1838,#1839),.UNSPECIFIED.,.F.,
  .F.,(2,2),(-8.05,-0.75),.PIECEWISE_BEZIER_KNOTS.);
#1838 = CARTESIAN_POINT('',(3.4,8.8));
#1839 = CARTESIAN_POINT('',(3.4,1.5));
#1840 = ( GEOMETRIC_REPRESENTATION_CONTEXT(2) 
PARAMETRIC_REPRESENTATION_CONTEXT() REPRESENTATION_CONTEXT('2D SPACE',''
  ) );
#1841 = PCURVE('',#903,#1842);
#1842 = DEFINITIONAL_REPRESENTATION('',(#1843),#1846);
#1843 = B_SPLINE_CURVE_WITH_KNOTS('',1,(#1844,#1845),.UNSPECIFIED.,.F.,
  .F.,(2,2),(-8.05,-0.75),.PIECEWISE_BEZIER_KNOTS.);
#1844 = CARTESIAN_POINT('',(7.3,5.59));
#1845 = CARTESIAN_POINT('',(0.,5.59));
#1846 = ( GEOMETRIC_REPRESENTATION_CONTEXT(2) 
PARAMETRIC_REPRESENTATION_CONTEXT() REPRESENTATION_CONTEXT('2D SPACE',''
  ) );
#1847 = ORIENTED_EDGE('',*,*,#1848,.F.);
#1848 = EDGE_CURVE('',#1849,#1828,#1851,.T.);
#1849 = VERTEX_POINT('',#1850);
#1850 = CARTESIAN_POINT('',(7.3,-4.4,14.477));
#1851 = SURFACE_CURVE('',#1852,(#1856,#1863),.PCURVE_S1.);
#1852 = LINE('',#1853,#1854);
#1853 = CARTESIAN_POINT('',(7.3,-4.4,12.977));
#1854 = VECTOR('',#1855,1.);
#1855 = DIRECTION('',(0.,0.,1.));
#1856 = PCURVE('',#930,#1857);
#1857 = DEFINITIONAL_REPRESENTATION('',(#1858),#1862);
#1858 = LINE('',#1859,#1860);
#1859 = CARTESIAN_POINT('',(0.,8.8));
#1860 = VECTOR('',#1861,1.);
#1861 = DIRECTION('',(1.,0.));
#1862 = ( GEOMETRIC_REPRESENTATION_CONTEXT(2) 
PARAMETRIC_REPRESENTATION_CONTEXT() REPRESENTATION_CONTEXT('2D SPACE',''
  ) );
#1863 = PCURVE('',#1864,#1869);
#1864 = PLANE('',#1865);
#1865 = AXIS2_PLACEMENT_3D('',#1866,#1867,#1868);
#1866 = CARTESIAN_POINT('',(7.3,-4.4,12.977));
#1867 = DIRECTION('',(1.,0.,-0.));
#1868 = DIRECTION('',(0.,0.,1.));
#1869 = DEFINITIONAL_REPRESENTATION('',(#1870),#1874);
#1870 = LINE('',#1871,#1872);
#1871 = CARTESIAN_POINT('',(0.,0.));
#1872 = VECTOR('',#1873,1.);
#1873 = DIRECTION('',(1.,0.));
#1874 = ( GEOMETRIC_REPRESENTATION_CONTEXT(2) 
PARAMETRIC_REPRESENTATION_CONTEXT() REPRESENTATION_CONTEXT('2D SPACE',''
  ) );
#1875 = ORIENTED_EDGE('',*,*,#1876,.T.);
#1876 = EDGE_CURVE('',#1849,#1137,#1877,.T.);
#1877 = SURFACE_CURVE('',#1878,(#1882,#1888),.PCURVE_S1.);
#1878 = LINE('',#1879,#1880);
#1879 = CARTESIAN_POINT('',(-0.75,-4.4,14.477));
#1880 = VECTOR('',#1881,1.);
#1881 = DIRECTION('',(-1.,-0.,0.));
#1882 = PCURVE('',#930,#1883);
#1883 = DEFINITIONAL_REPRESENTATION('',(#1884),#1887);
#1884 = B_SPLINE_CURVE_WITH_KNOTS('',1,(#1885,#1886),.UNSPECIFIED.,.F.,
  .F.,(2,2),(-8.05,-0.75),.PIECEWISE_BEZIER_KNOTS.);
#1885 = CARTESIAN_POINT('',(1.5,8.8));
#1886 = CARTESIAN_POINT('',(1.5,1.5));
#1887 = ( GEOMETRIC_REPRESENTATION_CONTEXT(2) 
PARAMETRIC_REPRESENTATION_CONTEXT() REPRESENTATION_CONTEXT('2D SPACE',''
  ) );
#1888 = PCURVE('',#1171,#1889);
#1889 = DEFINITIONAL_REPRESENTATION('',(#1890),#1893);
#1890 = B_SPLINE_CURVE_WITH_KNOTS('',1,(#1891,#1892),.UNSPECIFIED.,.F.,
  .F.,(2,2),(-8.05,-0.75),.PIECEWISE_BEZIER_KNOTS.);
#1891 = CARTESIAN_POINT('',(7.3,5.59));
#1892 = CARTESIAN_POINT('',(0.,5.59));
#1893 = ( GEOMETRIC_REPRESENTATION_CONTEXT(2) 
PARAMETRIC_REPRESENTATION_CONTEXT() REPRESENTATION_CONTEXT('2D SPACE',''
  ) );
#1894 = ORIENTED_EDGE('',*,*,#1136,.F.);
#1895 = ADVANCED_FACE('',(#1896),#903,.T.);
#1896 = FACE_BOUND('',#1897,.T.);
#1897 = EDGE_LOOP('',(#1898,#1899,#1900,#1923,#1951,#1979,#2005,#2031,
    #2057,#2085,#2111,#2130));
#1898 = ORIENTED_EDGE('',*,*,#887,.F.);
#1899 = ORIENTED_EDGE('',*,*,#1800,.T.);
#1900 = ORIENTED_EDGE('',*,*,#1901,.T.);
#1901 = EDGE_CURVE('',#1746,#1902,#1904,.T.);
#1902 = VERTEX_POINT('',#1903);
#1903 = CARTESIAN_POINT('',(10.,8.59,16.377));
#1904 = SURFACE_CURVE('',#1905,(#1909,#1916),.PCURVE_S1.);
#1905 = LINE('',#1906,#1907);
#1906 = CARTESIAN_POINT('',(10.,-9.99,16.377));
#1907 = VECTOR('',#1908,1.);
#1908 = DIRECTION('',(-0.,1.,0.));
#1909 = PCURVE('',#903,#1910);
#1910 = DEFINITIONAL_REPRESENTATION('',(#1911),#1915);
#1911 = LINE('',#1912,#1913);
#1912 = CARTESIAN_POINT('',(10.,0.));
#1913 = VECTOR('',#1914,1.);
#1914 = DIRECTION('',(0.,1.));
#1915 = ( GEOMETRIC_REPRESENTATION_CONTEXT(2) 
PARAMETRIC_REPRESENTATION_CONTEXT() REPRESENTATION_CONTEXT('2D SPACE',''
  ) );
#1916 = PCURVE('',#1761,#1917);
#1917 = DEFINITIONAL_REPRESENTATION('',(#1918),#1922);
#1918 = LINE('',#1919,#1920);
#1919 = CARTESIAN_POINT('',(1.9,0.));
#1920 = VECTOR('',#1921,1.);
#1921 = DIRECTION('',(0.,-1.));
#1922 = ( GEOMETRIC_REPRESENTATION_CONTEXT(2) 
PARAMETRIC_REPRESENTATION_CONTEXT() REPRESENTATION_CONTEXT('2D SPACE',''
  ) );
#1923 = ORIENTED_EDGE('',*,*,#1924,.F.);
#1924 = EDGE_CURVE('',#1925,#1902,#1927,.T.);
#1925 = VERTEX_POINT('',#1926);
#1926 = CARTESIAN_POINT('',(0.,8.59,16.377));
#1927 = SURFACE_CURVE('',#1928,(#1932,#1939),.PCURVE_S1.);
#1928 = LINE('',#1929,#1930);
#1929 = CARTESIAN_POINT('',(0.,8.59,16.377));
#1930 = VECTOR('',#1931,1.);
#1931 = DIRECTION('',(1.,0.,-0.));
#1932 = PCURVE('',#903,#1933);
#1933 = DEFINITIONAL_REPRESENTATION('',(#1934),#1938);
#1934 = LINE('',#1935,#1936);
#1935 = CARTESIAN_POINT('',(0.,18.58));
#1936 = VECTOR('',#1937,1.);
#1937 = DIRECTION('',(1.,0.));
#1938 = ( GEOMETRIC_REPRESENTATION_CONTEXT(2) 
PARAMETRIC_REPRESENTATION_CONTEXT() REPRESENTATION_CONTEXT('2D SPACE',''
  ) );
#1939 = PCURVE('',#1940,#1945);
#1940 = PLANE('',#1941);
#1941 = AXIS2_PLACEMENT_3D('',#1942,#1943,#1944);
#1942 = CARTESIAN_POINT('',(0.,8.59,16.377));
#1943 = DIRECTION('',(0.,0.,1.));
#1944 = DIRECTION('',(1.,0.,-0.));
#1945 = DEFINITIONAL_REPRESENTATION('',(#1946),#1950);
#1946 = LINE('',#1947,#1948);
#1947 = CARTESIAN_POINT('',(0.,0.));
#1948 = VECTOR('',#1949,1.);
#1949 = DIRECTION('',(1.,0.));
#1950 = ( GEOMETRIC_REPRESENTATION_CONTEXT(2) 
PARAMETRIC_REPRESENTATION_CONTEXT() REPRESENTATION_CONTEXT('2D SPACE',''
  ) );
#1951 = ORIENTED_EDGE('',*,*,#1952,.F.);
#1952 = EDGE_CURVE('',#1953,#1925,#1955,.T.);
#1953 = VERTEX_POINT('',#1954);
#1954 = CARTESIAN_POINT('',(0.,4.4,16.377));
#1955 = SURFACE_CURVE('',#1956,(#1960,#1967),.PCURVE_S1.);
#1956 = LINE('',#1957,#1958);
#1957 = CARTESIAN_POINT('',(0.,4.08,16.377));
#1958 = VECTOR('',#1959,1.);
#1959 = DIRECTION('',(-0.,1.,0.));
#1960 = PCURVE('',#903,#1961);
#1961 = DEFINITIONAL_REPRESENTATION('',(#1962),#1966);
#1962 = LINE('',#1963,#1964);
#1963 = CARTESIAN_POINT('',(0.,14.07));
#1964 = VECTOR('',#1965,1.);
#1965 = DIRECTION('',(0.,1.));
#1966 = ( GEOMETRIC_REPRESENTATION_CONTEXT(2) 
PARAMETRIC_REPRESENTATION_CONTEXT() REPRESENTATION_CONTEXT('2D SPACE',''
  ) );
#1967 = PCURVE('',#1968,#1973);
#1968 = PLANE('',#1969);
#1969 = AXIS2_PLACEMENT_3D('',#1970,#1971,#1972);
#1970 = CARTESIAN_POINT('',(-6.427,4.08,16.377));
#1971 = DIRECTION('',(0.,0.,1.));
#1972 = DIRECTION('',(1.,0.,-0.));
#1973 = DEFINITIONAL_REPRESENTATION('',(#1974),#1978);
#1974 = LINE('',#1975,#1976);
#1975 = CARTESIAN_POINT('',(6.427,0.));
#1976 = VECTOR('',#1977,1.);
#1977 = DIRECTION('',(0.,1.));
#1978 = ( GEOMETRIC_REPRESENTATION_CONTEXT(2) 
PARAMETRIC_REPRESENTATION_CONTEXT() REPRESENTATION_CONTEXT('2D SPACE',''
  ) );
#1979 = ORIENTED_EDGE('',*,*,#1980,.F.);
#1980 = EDGE_CURVE('',#1981,#1953,#1983,.T.);
#1981 = VERTEX_POINT('',#1982);
#1982 = CARTESIAN_POINT('',(7.3,4.4,16.377));
#1983 = SURFACE_CURVE('',#1984,(#1988,#1994),.PCURVE_S1.);
#1984 = LINE('',#1985,#1986);
#1985 = CARTESIAN_POINT('',(-0.75,4.4,16.377));
#1986 = VECTOR('',#1987,1.);
#1987 = DIRECTION('',(-1.,-0.,0.));
#1988 = PCURVE('',#903,#1989);
#1989 = DEFINITIONAL_REPRESENTATION('',(#1990),#1993);
#1990 = B_SPLINE_CURVE_WITH_KNOTS('',1,(#1991,#1992),.UNSPECIFIED.,.F.,
  .F.,(2,2),(-8.05,-0.75),.PIECEWISE_BEZIER_KNOTS.);
#1991 = CARTESIAN_POINT('',(7.3,14.39));
#1992 = CARTESIAN_POINT('',(0.,14.39));
#1993 = ( GEOMETRIC_REPRESENTATION_CONTEXT(2) 
PARAMETRIC_REPRESENTATION_CONTEXT() REPRESENTATION_CONTEXT('2D SPACE',''
  ) );
#1994 = PCURVE('',#1995,#2000);
#1995 = PLANE('',#1996);
#1996 = AXIS2_PLACEMENT_3D('',#1997,#1998,#1999);
#1997 = CARTESIAN_POINT('',(-1.5,4.4,12.977));
#1998 = DIRECTION('',(-0.,1.,0.));
#1999 = DIRECTION('',(0.,0.,1.));
#2000 = DEFINITIONAL_REPRESENTATION('',(#2001),#2004);
#2001 = B_SPLINE_CURVE_WITH_KNOTS('',1,(#2002,#2003),.UNSPECIFIED.,.F.,
  .F.,(2,2),(-8.05,-0.75),.PIECEWISE_BEZIER_KNOTS.);
#2002 = CARTESIAN_POINT('',(3.4,8.8));
#2003 = CARTESIAN_POINT('',(3.4,1.5));
#2004 = ( GEOMETRIC_REPRESENTATION_CONTEXT(2) 
PARAMETRIC_REPRESENTATION_CONTEXT() REPRESENTATION_CONTEXT('2D SPACE',''
  ) );
#2005 = ORIENTED_EDGE('',*,*,#2006,.F.);
#2006 = EDGE_CURVE('',#2007,#1981,#2009,.T.);
#2007 = VERTEX_POINT('',#2008);
#2008 = CARTESIAN_POINT('',(7.3,2.64,16.377));
#2009 = SURFACE_CURVE('',#2010,(#2014,#2020),.PCURVE_S1.);
#2010 = LINE('',#2011,#2012);
#2011 = CARTESIAN_POINT('',(7.3,-3.675,16.377));
#2012 = VECTOR('',#2013,1.);
#2013 = DIRECTION('',(-0.,1.,0.));
#2014 = PCURVE('',#903,#2015);
#2015 = DEFINITIONAL_REPRESENTATION('',(#2016),#2019);
#2016 = B_SPLINE_CURVE_WITH_KNOTS('',1,(#2017,#2018),.UNSPECIFIED.,.F.,
  .F.,(2,2),(6.315,8.075),.PIECEWISE_BEZIER_KNOTS.);
#2017 = CARTESIAN_POINT('',(7.3,12.63));
#2018 = CARTESIAN_POINT('',(7.3,14.39));
#2019 = ( GEOMETRIC_REPRESENTATION_CONTEXT(2) 
PARAMETRIC_REPRESENTATION_CONTEXT() REPRESENTATION_CONTEXT('2D SPACE',''
  ) );
#2020 = PCURVE('',#2021,#2026);
#2021 = PLANE('',#2022);
#2022 = AXIS2_PLACEMENT_3D('',#2023,#2024,#2025);
#2023 = CARTESIAN_POINT('',(7.3,2.64,12.977));
#2024 = DIRECTION('',(1.,0.,-0.));
#2025 = DIRECTION('',(0.,0.,1.));
#2026 = DEFINITIONAL_REPRESENTATION('',(#2027),#2030);
#2027 = B_SPLINE_CURVE_WITH_KNOTS('',1,(#2028,#2029),.UNSPECIFIED.,.F.,
  .F.,(2,2),(6.315,8.075),.PIECEWISE_BEZIER_KNOTS.);
#2028 = CARTESIAN_POINT('',(3.4,0.));
#2029 = CARTESIAN_POINT('',(3.4,-1.76));
#2030 = ( GEOMETRIC_REPRESENTATION_CONTEXT(2) 
PARAMETRIC_REPRESENTATION_CONTEXT() REPRESENTATION_CONTEXT('2D SPACE',''
  ) );
#2031 = ORIENTED_EDGE('',*,*,#2032,.T.);
#2032 = EDGE_CURVE('',#2007,#2033,#2035,.T.);
#2033 = VERTEX_POINT('',#2034);
#2034 = CARTESIAN_POINT('',(0.,2.64,16.377));
#2035 = SURFACE_CURVE('',#2036,(#2040,#2046),.PCURVE_S1.);
#2036 = LINE('',#2037,#2038);
#2037 = CARTESIAN_POINT('',(-0.75,2.64,16.377));
#2038 = VECTOR('',#2039,1.);
#2039 = DIRECTION('',(-1.,-0.,0.));
#2040 = PCURVE('',#903,#2041);
#2041 = DEFINITIONAL_REPRESENTATION('',(#2042),#2045);
#2042 = B_SPLINE_CURVE_WITH_KNOTS('',1,(#2043,#2044),.UNSPECIFIED.,.F.,
  .F.,(2,2),(-8.05,-0.75),.PIECEWISE_BEZIER_KNOTS.);
#2043 = CARTESIAN_POINT('',(7.3,12.63));
#2044 = CARTESIAN_POINT('',(0.,12.63));
#2045 = ( GEOMETRIC_REPRESENTATION_CONTEXT(2) 
PARAMETRIC_REPRESENTATION_CONTEXT() REPRESENTATION_CONTEXT('2D SPACE',''
  ) );
#2046 = PCURVE('',#2047,#2052);
#2047 = PLANE('',#2048);
#2048 = AXIS2_PLACEMENT_3D('',#2049,#2050,#2051);
#2049 = CARTESIAN_POINT('',(-1.5,2.64,12.977));
#2050 = DIRECTION('',(-0.,1.,0.));
#2051 = DIRECTION('',(0.,0.,1.));
#2052 = DEFINITIONAL_REPRESENTATION('',(#2053),#2056);
#2053 = B_SPLINE_CURVE_WITH_KNOTS('',1,(#2054,#2055),.UNSPECIFIED.,.F.,
  .F.,(2,2),(-8.05,-0.75),.PIECEWISE_BEZIER_KNOTS.);
#2054 = CARTESIAN_POINT('',(3.4,8.8));
#2055 = CARTESIAN_POINT('',(3.4,1.5));
#2056 = ( GEOMETRIC_REPRESENTATION_CONTEXT(2) 
PARAMETRIC_REPRESENTATION_CONTEXT() REPRESENTATION_CONTEXT('2D SPACE',''
  ) );
#2057 = ORIENTED_EDGE('',*,*,#2058,.F.);
#2058 = EDGE_CURVE('',#2059,#2033,#2061,.T.);
#2059 = VERTEX_POINT('',#2060);
#2060 = CARTESIAN_POINT('',(0.,-2.64,16.377));
#2061 = SURFACE_CURVE('',#2062,(#2066,#2073),.PCURVE_S1.);
#2062 = LINE('',#2063,#2064);
#2063 = CARTESIAN_POINT('',(0.,-9.99,16.377));
#2064 = VECTOR('',#2065,1.);
#2065 = DIRECTION('',(-0.,1.,0.));
#2066 = PCURVE('',#903,#2067);
#2067 = DEFINITIONAL_REPRESENTATION('',(#2068),#2072);
#2068 = LINE('',#2069,#2070);
#2069 = CARTESIAN_POINT('',(0.,0.));
#2070 = VECTOR('',#2071,1.);
#2071 = DIRECTION('',(0.,1.));
#2072 = ( GEOMETRIC_REPRESENTATION_CONTEXT(2) 
PARAMETRIC_REPRESENTATION_CONTEXT() REPRESENTATION_CONTEXT('2D SPACE',''
  ) );
#2073 = PCURVE('',#2074,#2079);
#2074 = PLANE('',#2075);
#2075 = AXIS2_PLACEMENT_3D('',#2076,#2077,#2078);
#2076 = CARTESIAN_POINT('',(0.,-9.99,14.477));
#2077 = DIRECTION('',(1.,0.,-0.));
#2078 = DIRECTION('',(0.,0.,1.));
#2079 = DEFINITIONAL_REPRESENTATION('',(#2080),#2084);
#2080 = LINE('',#2081,#2082);
#2081 = CARTESIAN_POINT('',(1.9,0.));
#2082 = VECTOR('',#2083,1.);
#2083 = DIRECTION('',(0.,-1.));
#2084 = ( GEOMETRIC_REPRESENTATION_CONTEXT(2) 
PARAMETRIC_REPRESENTATION_CONTEXT() REPRESENTATION_CONTEXT('2D SPACE',''
  ) );
#2085 = ORIENTED_EDGE('',*,*,#2086,.F.);
#2086 = EDGE_CURVE('',#2087,#2059,#2089,.T.);
#2087 = VERTEX_POINT('',#2088);
#2088 = CARTESIAN_POINT('',(7.3,-2.64,16.377));
#2089 = SURFACE_CURVE('',#2090,(#2094,#2100),.PCURVE_S1.);
#2090 = LINE('',#2091,#2092);
#2091 = CARTESIAN_POINT('',(-0.75,-2.64,16.377));
#2092 = VECTOR('',#2093,1.);
#2093 = DIRECTION('',(-1.,-0.,0.));
#2094 = PCURVE('',#903,#2095);
#2095 = DEFINITIONAL_REPRESENTATION('',(#2096),#2099);
#2096 = B_SPLINE_CURVE_WITH_KNOTS('',1,(#2097,#2098),.UNSPECIFIED.,.F.,
  .F.,(2,2),(-8.05,-0.75),.PIECEWISE_BEZIER_KNOTS.);
#2097 = CARTESIAN_POINT('',(7.3,7.35));
#2098 = CARTESIAN_POINT('',(0.,7.35));
#2099 = ( GEOMETRIC_REPRESENTATION_CONTEXT(2) 
PARAMETRIC_REPRESENTATION_CONTEXT() REPRESENTATION_CONTEXT('2D SPACE',''
  ) );
#2100 = PCURVE('',#2101,#2106);
#2101 = PLANE('',#2102);
#2102 = AXIS2_PLACEMENT_3D('',#2103,#2104,#2105);
#2103 = CARTESIAN_POINT('',(-1.5,-2.64,12.977));
#2104 = DIRECTION('',(-0.,1.,0.));
#2105 = DIRECTION('',(0.,0.,1.));
#2106 = DEFINITIONAL_REPRESENTATION('',(#2107),#2110);
#2107 = B_SPLINE_CURVE_WITH_KNOTS('',1,(#2108,#2109),.UNSPECIFIED.,.F.,
  .F.,(2,2),(-8.05,-0.75),.PIECEWISE_BEZIER_KNOTS.);
#2108 = CARTESIAN_POINT('',(3.4,8.8));
#2109 = CARTESIAN_POINT('',(3.4,1.5));
#2110 = ( GEOMETRIC_REPRESENTATION_CONTEXT(2) 
PARAMETRIC_REPRESENTATION_CONTEXT() REPRESENTATION_CONTEXT('2D SPACE',''
  ) );
#2111 = ORIENTED_EDGE('',*,*,#2112,.F.);
#2112 = EDGE_CURVE('',#1828,#2087,#2113,.T.);
#2113 = SURFACE_CURVE('',#2114,(#2118,#2124),.PCURVE_S1.);
#2114 = LINE('',#2115,#2116);
#2115 = CARTESIAN_POINT('',(7.3,-7.195,16.377));
#2116 = VECTOR('',#2117,1.);
#2117 = DIRECTION('',(-0.,1.,0.));
#2118 = PCURVE('',#903,#2119);
#2119 = DEFINITIONAL_REPRESENTATION('',(#2120),#2123);
#2120 = B_SPLINE_CURVE_WITH_KNOTS('',1,(#2121,#2122),.UNSPECIFIED.,.F.,
  .F.,(2,2),(2.795,4.555),.PIECEWISE_BEZIER_KNOTS.);
#2121 = CARTESIAN_POINT('',(7.3,5.59));
#2122 = CARTESIAN_POINT('',(7.3,7.35));
#2123 = ( GEOMETRIC_REPRESENTATION_CONTEXT(2) 
PARAMETRIC_REPRESENTATION_CONTEXT() REPRESENTATION_CONTEXT('2D SPACE',''
  ) );
#2124 = PCURVE('',#1864,#2125);
#2125 = DEFINITIONAL_REPRESENTATION('',(#2126),#2129);
#2126 = B_SPLINE_CURVE_WITH_KNOTS('',1,(#2127,#2128),.UNSPECIFIED.,.F.,
  .F.,(2,2),(2.795,4.555),.PIECEWISE_BEZIER_KNOTS.);
#2127 = CARTESIAN_POINT('',(3.4,0.));
#2128 = CARTESIAN_POINT('',(3.4,-1.76));
#2129 = ( GEOMETRIC_REPRESENTATION_CONTEXT(2) 
PARAMETRIC_REPRESENTATION_CONTEXT() REPRESENTATION_CONTEXT('2D SPACE',''
  ) );
#2130 = ORIENTED_EDGE('',*,*,#1827,.T.);
#2131 = ADVANCED_FACE('',(#2132,#2135),#1002,.F.);
#2132 = FACE_BOUND('',#2133,.F.);
#2133 = EDGE_LOOP('',(#2134));
#2134 = ORIENTED_EDGE('',*,*,#1399,.T.);
#2135 = FACE_BOUND('',#2136,.F.);
#2136 = EDGE_LOOP('',(#2137));
#2137 = ORIENTED_EDGE('',*,*,#987,.F.);
#2138 = ADVANCED_FACE('',(#2139),#1034,.T.);
#2139 = FACE_BOUND('',#2140,.T.);
#2140 = EDGE_LOOP('',(#2141,#2142,#2143,#2144,#2145));
#2141 = ORIENTED_EDGE('',*,*,#1669,.F.);
#2142 = ORIENTED_EDGE('',*,*,#1719,.F.);
#2143 = ORIENTED_EDGE('',*,*,#1620,.T.);
#2144 = ORIENTED_EDGE('',*,*,#1018,.T.);
#2145 = ORIENTED_EDGE('',*,*,#2146,.T.);
#2146 = EDGE_CURVE('',#1019,#1670,#2147,.T.);
#2147 = SURFACE_CURVE('',#2148,(#2152,#2158),.PCURVE_S1.);
#2148 = LINE('',#2149,#2150);
#2149 = CARTESIAN_POINT('',(0.,-8.59,14.477));
#2150 = VECTOR('',#2151,1.);
#2151 = DIRECTION('',(1.,0.,-0.));
#2152 = PCURVE('',#1034,#2153);
#2153 = DEFINITIONAL_REPRESENTATION('',(#2154),#2157);
#2154 = B_SPLINE_CURVE_WITH_KNOTS('',1,(#2155,#2156),.UNSPECIFIED.,.F.,
  .F.,(2,2),(0.,10.),.PIECEWISE_BEZIER_KNOTS.);
#2155 = CARTESIAN_POINT('',(7.527,0.));
#2156 = CARTESIAN_POINT('',(7.527,10.));
#2157 = ( GEOMETRIC_REPRESENTATION_CONTEXT(2) 
PARAMETRIC_REPRESENTATION_CONTEXT() REPRESENTATION_CONTEXT('2D SPACE',''
  ) );
#2158 = PCURVE('',#1171,#2159);
#2159 = DEFINITIONAL_REPRESENTATION('',(#2160),#2163);
#2160 = B_SPLINE_CURVE_WITH_KNOTS('',1,(#2161,#2162),.UNSPECIFIED.,.F.,
  .F.,(2,2),(0.,10.),.PIECEWISE_BEZIER_KNOTS.);
#2161 = CARTESIAN_POINT('',(0.,1.4));
#2162 = CARTESIAN_POINT('',(10.,1.4));
#2163 = ( GEOMETRIC_REPRESENTATION_CONTEXT(2) 
PARAMETRIC_REPRESENTATION_CONTEXT() REPRESENTATION_CONTEXT('2D SPACE',''
  ) );
#2164 = ADVANCED_FACE('',(#2165),#1171,.F.);
#2165 = FACE_BOUND('',#2166,.F.);
#2166 = EDGE_LOOP('',(#2167,#2168,#2169,#2192,#2218,#2246,#2267,#2288,
    #2309,#2332,#2353,#2372));
#2167 = ORIENTED_EDGE('',*,*,#1157,.F.);
#2168 = ORIENTED_EDGE('',*,*,#2146,.T.);
#2169 = ORIENTED_EDGE('',*,*,#2170,.T.);
#2170 = EDGE_CURVE('',#1670,#2171,#2173,.T.);
#2171 = VERTEX_POINT('',#2172);
#2172 = CARTESIAN_POINT('',(10.,8.59,14.477));
#2173 = SURFACE_CURVE('',#2174,(#2178,#2185),.PCURVE_S1.);
#2174 = LINE('',#2175,#2176);
#2175 = CARTESIAN_POINT('',(10.,-9.99,14.477));
#2176 = VECTOR('',#2177,1.);
#2177 = DIRECTION('',(-0.,1.,0.));
#2178 = PCURVE('',#1171,#2179);
#2179 = DEFINITIONAL_REPRESENTATION('',(#2180),#2184);
#2180 = LINE('',#2181,#2182);
#2181 = CARTESIAN_POINT('',(10.,0.));
#2182 = VECTOR('',#2183,1.);
#2183 = DIRECTION('',(0.,1.));
#2184 = ( GEOMETRIC_REPRESENTATION_CONTEXT(2) 
PARAMETRIC_REPRESENTATION_CONTEXT() REPRESENTATION_CONTEXT('2D SPACE',''
  ) );
#2185 = PCURVE('',#1761,#2186);
#2186 = DEFINITIONAL_REPRESENTATION('',(#2187),#2191);
#2187 = LINE('',#2188,#2189);
#2188 = CARTESIAN_POINT('',(0.,0.));
#2189 = VECTOR('',#2190,1.);
#2190 = DIRECTION('',(0.,-1.));
#2191 = ( GEOMETRIC_REPRESENTATION_CONTEXT(2) 
PARAMETRIC_REPRESENTATION_CONTEXT() REPRESENTATION_CONTEXT('2D SPACE',''
  ) );
#2192 = ORIENTED_EDGE('',*,*,#2193,.F.);
#2193 = EDGE_CURVE('',#2194,#2171,#2196,.T.);
#2194 = VERTEX_POINT('',#2195);
#2195 = CARTESIAN_POINT('',(0.,8.59,14.477));
#2196 = SURFACE_CURVE('',#2197,(#2201,#2207),.PCURVE_S1.);
#2197 = LINE('',#2198,#2199);
#2198 = CARTESIAN_POINT('',(0.,8.59,14.477));
#2199 = VECTOR('',#2200,1.);
#2200 = DIRECTION('',(1.,0.,-0.));
#2201 = PCURVE('',#1171,#2202);
#2202 = DEFINITIONAL_REPRESENTATION('',(#2203),#2206);
#2203 = B_SPLINE_CURVE_WITH_KNOTS('',1,(#2204,#2205),.UNSPECIFIED.,.F.,
  .F.,(2,2),(0.,10.),.PIECEWISE_BEZIER_KNOTS.);
#2204 = CARTESIAN_POINT('',(0.,18.58));
#2205 = CARTESIAN_POINT('',(10.,18.58));
#2206 = ( GEOMETRIC_REPRESENTATION_CONTEXT(2) 
PARAMETRIC_REPRESENTATION_CONTEXT() REPRESENTATION_CONTEXT('2D SPACE',''
  ) );
#2207 = PCURVE('',#2208,#2213);
#2208 = PLANE('',#2209);
#2209 = AXIS2_PLACEMENT_3D('',#2210,#2211,#2212);
#2210 = CARTESIAN_POINT('',(0.,8.59,6.95));
#2211 = DIRECTION('',(-0.,1.,0.));
#2212 = DIRECTION('',(0.,0.,1.));
#2213 = DEFINITIONAL_REPRESENTATION('',(#2214),#2217);
#2214 = B_SPLINE_CURVE_WITH_KNOTS('',1,(#2215,#2216),.UNSPECIFIED.,.F.,
  .F.,(2,2),(0.,10.),.PIECEWISE_BEZIER_KNOTS.);
#2215 = CARTESIAN_POINT('',(7.527,0.));
#2216 = CARTESIAN_POINT('',(7.527,10.));
#2217 = ( GEOMETRIC_REPRESENTATION_CONTEXT(2) 
PARAMETRIC_REPRESENTATION_CONTEXT() REPRESENTATION_CONTEXT('2D SPACE',''
  ) );
#2218 = ORIENTED_EDGE('',*,*,#2219,.F.);
#2219 = EDGE_CURVE('',#2220,#2194,#2222,.T.);
#2220 = VERTEX_POINT('',#2221);
#2221 = CARTESIAN_POINT('',(0.,4.4,14.477));
#2222 = SURFACE_CURVE('',#2223,(#2227,#2234),.PCURVE_S1.);
#2223 = LINE('',#2224,#2225);
#2224 = CARTESIAN_POINT('',(0.,-9.99,14.477));
#2225 = VECTOR('',#2226,1.);
#2226 = DIRECTION('',(-0.,1.,0.));
#2227 = PCURVE('',#1171,#2228);
#2228 = DEFINITIONAL_REPRESENTATION('',(#2229),#2233);
#2229 = LINE('',#2230,#2231);
#2230 = CARTESIAN_POINT('',(0.,0.));
#2231 = VECTOR('',#2232,1.);
#2232 = DIRECTION('',(0.,1.));
#2233 = ( GEOMETRIC_REPRESENTATION_CONTEXT(2) 
PARAMETRIC_REPRESENTATION_CONTEXT() REPRESENTATION_CONTEXT('2D SPACE',''
  ) );
#2234 = PCURVE('',#2235,#2240);
#2235 = PLANE('',#2236);
#2236 = AXIS2_PLACEMENT_3D('',#2237,#2238,#2239);
#2237 = CARTESIAN_POINT('',(0.,4.08,11.09));
#2238 = DIRECTION('',(1.,0.,-0.));
#2239 = DIRECTION('',(0.,0.,1.));
#2240 = DEFINITIONAL_REPRESENTATION('',(#2241),#2245);
#2241 = LINE('',#2242,#2243);
#2242 = CARTESIAN_POINT('',(3.387,14.07));
#2243 = VECTOR('',#2244,1.);
#2244 = DIRECTION('',(0.,-1.));
#2245 = ( GEOMETRIC_REPRESENTATION_CONTEXT(2) 
PARAMETRIC_REPRESENTATION_CONTEXT() REPRESENTATION_CONTEXT('2D SPACE',''
  ) );
#2246 = ORIENTED_EDGE('',*,*,#2247,.F.);
#2247 = EDGE_CURVE('',#2248,#2220,#2250,.T.);
#2248 = VERTEX_POINT('',#2249);
#2249 = CARTESIAN_POINT('',(7.3,4.4,14.477));
#2250 = SURFACE_CURVE('',#2251,(#2255,#2261),.PCURVE_S1.);
#2251 = LINE('',#2252,#2253);
#2252 = CARTESIAN_POINT('',(-0.75,4.4,14.477));
#2253 = VECTOR('',#2254,1.);
#2254 = DIRECTION('',(-1.,-0.,0.));
#2255 = PCURVE('',#1171,#2256);
#2256 = DEFINITIONAL_REPRESENTATION('',(#2257),#2260);
#2257 = B_SPLINE_CURVE_WITH_KNOTS('',1,(#2258,#2259),.UNSPECIFIED.,.F.,
  .F.,(2,2),(-8.05,-0.75),.PIECEWISE_BEZIER_KNOTS.);
#2258 = CARTESIAN_POINT('',(7.3,14.39));
#2259 = CARTESIAN_POINT('',(0.,14.39));
#2260 = ( GEOMETRIC_REPRESENTATION_CONTEXT(2) 
PARAMETRIC_REPRESENTATION_CONTEXT() REPRESENTATION_CONTEXT('2D SPACE',''
  ) );
#2261 = PCURVE('',#1995,#2262);
#2262 = DEFINITIONAL_REPRESENTATION('',(#2263),#2266);
#2263 = B_SPLINE_CURVE_WITH_KNOTS('',1,(#2264,#2265),.UNSPECIFIED.,.F.,
  .F.,(2,2),(-8.05,-0.75),.PIECEWISE_BEZIER_KNOTS.);
#2264 = CARTESIAN_POINT('',(1.5,8.8));
#2265 = CARTESIAN_POINT('',(1.5,1.5));
#2266 = ( GEOMETRIC_REPRESENTATION_CONTEXT(2) 
PARAMETRIC_REPRESENTATION_CONTEXT() REPRESENTATION_CONTEXT('2D SPACE',''
  ) );
#2267 = ORIENTED_EDGE('',*,*,#2268,.F.);
#2268 = EDGE_CURVE('',#2269,#2248,#2271,.T.);
#2269 = VERTEX_POINT('',#2270);
#2270 = CARTESIAN_POINT('',(7.3,2.64,14.477));
#2271 = SURFACE_CURVE('',#2272,(#2276,#2282),.PCURVE_S1.);
#2272 = LINE('',#2273,#2274);
#2273 = CARTESIAN_POINT('',(7.3,-3.675,14.477));
#2274 = VECTOR('',#2275,1.);
#2275 = DIRECTION('',(-0.,1.,0.));
#2276 = PCURVE('',#1171,#2277);
#2277 = DEFINITIONAL_REPRESENTATION('',(#2278),#2281);
#2278 = B_SPLINE_CURVE_WITH_KNOTS('',1,(#2279,#2280),.UNSPECIFIED.,.F.,
  .F.,(2,2),(6.315,8.075),.PIECEWISE_BEZIER_KNOTS.);
#2279 = CARTESIAN_POINT('',(7.3,12.63));
#2280 = CARTESIAN_POINT('',(7.3,14.39));
#2281 = ( GEOMETRIC_REPRESENTATION_CONTEXT(2) 
PARAMETRIC_REPRESENTATION_CONTEXT() REPRESENTATION_CONTEXT('2D SPACE',''
  ) );
#2282 = PCURVE('',#2021,#2283);
#2283 = DEFINITIONAL_REPRESENTATION('',(#2284),#2287);
#2284 = B_SPLINE_CURVE_WITH_KNOTS('',1,(#2285,#2286),.UNSPECIFIED.,.F.,
  .F.,(2,2),(6.315,8.075),.PIECEWISE_BEZIER_KNOTS.);
#2285 = CARTESIAN_POINT('',(1.5,0.));
#2286 = CARTESIAN_POINT('',(1.5,-1.76));
#2287 = ( GEOMETRIC_REPRESENTATION_CONTEXT(2) 
PARAMETRIC_REPRESENTATION_CONTEXT() REPRESENTATION_CONTEXT('2D SPACE',''
  ) );
#2288 = ORIENTED_EDGE('',*,*,#2289,.T.);
#2289 = EDGE_CURVE('',#2269,#2290,#2292,.T.);
#2290 = VERTEX_POINT('',#2291);
#2291 = CARTESIAN_POINT('',(0.,2.64,14.477));
#2292 = SURFACE_CURVE('',#2293,(#2297,#2303),.PCURVE_S1.);
#2293 = LINE('',#2294,#2295);
#2294 = CARTESIAN_POINT('',(-0.75,2.64,14.477));
#2295 = VECTOR('',#2296,1.);
#2296 = DIRECTION('',(-1.,-0.,0.));
#2297 = PCURVE('',#1171,#2298);
#2298 = DEFINITIONAL_REPRESENTATION('',(#2299),#2302);
#2299 = B_SPLINE_CURVE_WITH_KNOTS('',1,(#2300,#2301),.UNSPECIFIED.,.F.,
  .F.,(2,2),(-8.05,-0.75),.PIECEWISE_BEZIER_KNOTS.);
#2300 = CARTESIAN_POINT('',(7.3,12.63));
#2301 = CARTESIAN_POINT('',(0.,12.63));
#2302 = ( GEOMETRIC_REPRESENTATION_CONTEXT(2) 
PARAMETRIC_REPRESENTATION_CONTEXT() REPRESENTATION_CONTEXT('2D SPACE',''
  ) );
#2303 = PCURVE('',#2047,#2304);
#2304 = DEFINITIONAL_REPRESENTATION('',(#2305),#2308);
#2305 = B_SPLINE_CURVE_WITH_KNOTS('',1,(#2306,#2307),.UNSPECIFIED.,.F.,
  .F.,(2,2),(-8.05,-0.75),.PIECEWISE_BEZIER_KNOTS.);
#2306 = CARTESIAN_POINT('',(1.5,8.8));
#2307 = CARTESIAN_POINT('',(1.5,1.5));
#2308 = ( GEOMETRIC_REPRESENTATION_CONTEXT(2) 
PARAMETRIC_REPRESENTATION_CONTEXT() REPRESENTATION_CONTEXT('2D SPACE',''
  ) );
#2309 = ORIENTED_EDGE('',*,*,#2310,.F.);
#2310 = EDGE_CURVE('',#2311,#2290,#2313,.T.);
#2311 = VERTEX_POINT('',#2312);
#2312 = CARTESIAN_POINT('',(0.,-2.64,14.477));
#2313 = SURFACE_CURVE('',#2314,(#2318,#2325),.PCURVE_S1.);
#2314 = LINE('',#2315,#2316);
#2315 = CARTESIAN_POINT('',(0.,-9.99,14.477));
#2316 = VECTOR('',#2317,1.);
#2317 = DIRECTION('',(-0.,1.,0.));
#2318 = PCURVE('',#1171,#2319);
#2319 = DEFINITIONAL_REPRESENTATION('',(#2320),#2324);
#2320 = LINE('',#2321,#2322);
#2321 = CARTESIAN_POINT('',(0.,0.));
#2322 = VECTOR('',#2323,1.);
#2323 = DIRECTION('',(0.,1.));
#2324 = ( GEOMETRIC_REPRESENTATION_CONTEXT(2) 
PARAMETRIC_REPRESENTATION_CONTEXT() REPRESENTATION_CONTEXT('2D SPACE',''
  ) );
#2325 = PCURVE('',#2074,#2326);
#2326 = DEFINITIONAL_REPRESENTATION('',(#2327),#2331);
#2327 = LINE('',#2328,#2329);
#2328 = CARTESIAN_POINT('',(0.,0.));
#2329 = VECTOR('',#2330,1.);
#2330 = DIRECTION('',(0.,-1.));
#2331 = ( GEOMETRIC_REPRESENTATION_CONTEXT(2) 
PARAMETRIC_REPRESENTATION_CONTEXT() REPRESENTATION_CONTEXT('2D SPACE',''
  ) );
#2332 = ORIENTED_EDGE('',*,*,#2333,.F.);
#2333 = EDGE_CURVE('',#2334,#2311,#2336,.T.);
#2334 = VERTEX_POINT('',#2335);
#2335 = CARTESIAN_POINT('',(7.3,-2.64,14.477));
#2336 = SURFACE_CURVE('',#2337,(#2341,#2347),.PCURVE_S1.);
#2337 = LINE('',#2338,#2339);
#2338 = CARTESIAN_POINT('',(-0.75,-2.64,14.477));
#2339 = VECTOR('',#2340,1.);
#2340 = DIRECTION('',(-1.,-0.,0.));
#2341 = PCURVE('',#1171,#2342);
#2342 = DEFINITIONAL_REPRESENTATION('',(#2343),#2346);
#2343 = B_SPLINE_CURVE_WITH_KNOTS('',1,(#2344,#2345),.UNSPECIFIED.,.F.,
  .F.,(2,2),(-8.05,-0.75),.PIECEWISE_BEZIER_KNOTS.);
#2344 = CARTESIAN_POINT('',(7.3,7.35));
#2345 = CARTESIAN_POINT('',(0.,7.35));
#2346 = ( GEOMETRIC_REPRESENTATION_CONTEXT(2) 
PARAMETRIC_REPRESENTATION_CONTEXT() REPRESENTATION_CONTEXT('2D SPACE',''
  ) );
#2347 = PCURVE('',#2101,#2348);
#2348 = DEFINITIONAL_REPRESENTATION('',(#2349),#2352);
#2349 = B_SPLINE_CURVE_WITH_KNOTS('',1,(#2350,#2351),.UNSPECIFIED.,.F.,
  .F.,(2,2),(-8.05,-0.75),.PIECEWISE_BEZIER_KNOTS.);
#2350 = CARTESIAN_POINT('',(1.5,8.8));
#2351 = CARTESIAN_POINT('',(1.5,1.5));
#2352 = ( GEOMETRIC_REPRESENTATION_CONTEXT(2) 
PARAMETRIC_REPRESENTATION_CONTEXT() REPRESENTATION_CONTEXT('2D SPACE',''
  ) );
#2353 = ORIENTED_EDGE('',*,*,#2354,.F.);
#2354 = EDGE_CURVE('',#1849,#2334,#2355,.T.);
#2355 = SURFACE_CURVE('',#2356,(#2360,#2366),.PCURVE_S1.);
#2356 = LINE('',#2357,#2358);
#2357 = CARTESIAN_POINT('',(7.3,-7.195,14.477));
#2358 = VECTOR('',#2359,1.);
#2359 = DIRECTION('',(-0.,1.,0.));
#2360 = PCURVE('',#1171,#2361);
#2361 = DEFINITIONAL_REPRESENTATION('',(#2362),#2365);
#2362 = B_SPLINE_CURVE_WITH_KNOTS('',1,(#2363,#2364),.UNSPECIFIED.,.F.,
  .F.,(2,2),(2.795,4.555),.PIECEWISE_BEZIER_KNOTS.);
#2363 = CARTESIAN_POINT('',(7.3,5.59));
#2364 = CARTESIAN_POINT('',(7.3,7.35));
#2365 = ( GEOMETRIC_REPRESENTATION_CONTEXT(2) 
PARAMETRIC_REPRESENTATION_CONTEXT() REPRESENTATION_CONTEXT('2D SPACE',''
  ) );
#2366 = PCURVE('',#1864,#2367);
#2367 = DEFINITIONAL_REPRESENTATION('',(#2368),#2371);
#2368 = B_SPLINE_CURVE_WITH_KNOTS('',1,(#2369,#2370),.UNSPECIFIED.,.F.,
  .F.,(2,2),(2.795,4.555),.PIECEWISE_BEZIER_KNOTS.);
#2369 = CARTESIAN_POINT('',(1.5,0.));
#2370 = CARTESIAN_POINT('',(1.5,-1.76));
#2371 = ( GEOMETRIC_REPRESENTATION_CONTEXT(2) 
PARAMETRIC_REPRESENTATION_CONTEXT() REPRESENTATION_CONTEXT('2D SPACE',''
  ) );
#2372 = ORIENTED_EDGE('',*,*,#1876,.T.);
#2373 = ADVANCED_FACE('',(#2374),#1083,.F.);
#2374 = FACE_BOUND('',#2375,.F.);
#2375 = EDGE_LOOP('',(#2376,#2377,#2378,#2379,#2380,#2381,#2382));
#2376 = ORIENTED_EDGE('',*,*,#1286,.F.);
#2377 = ORIENTED_EDGE('',*,*,#1350,.F.);
#2378 = ORIENTED_EDGE('',*,*,#1422,.F.);
#2379 = ORIENTED_EDGE('',*,*,#1489,.F.);
#2380 = ORIENTED_EDGE('',*,*,#1545,.F.);
#2381 = ORIENTED_EDGE('',*,*,#1571,.T.);
#2382 = ORIENTED_EDGE('',*,*,#1068,.F.);
#2383 = ADVANCED_FACE('',(#2384),#1761,.T.);
#2384 = FACE_BOUND('',#2385,.T.);
#2385 = EDGE_LOOP('',(#2386,#2387,#2388,#2414));
#2386 = ORIENTED_EDGE('',*,*,#1745,.F.);
#2387 = ORIENTED_EDGE('',*,*,#2170,.T.);
#2388 = ORIENTED_EDGE('',*,*,#2389,.T.);
#2389 = EDGE_CURVE('',#2171,#1902,#2390,.T.);
#2390 = SURFACE_CURVE('',#2391,(#2395,#2402),.PCURVE_S1.);
#2391 = LINE('',#2392,#2393);
#2392 = CARTESIAN_POINT('',(10.,8.59,6.95));
#2393 = VECTOR('',#2394,1.);
#2394 = DIRECTION('',(0.,0.,1.));
#2395 = PCURVE('',#1761,#2396);
#2396 = DEFINITIONAL_REPRESENTATION('',(#2397),#2401);
#2397 = LINE('',#2398,#2399);
#2398 = CARTESIAN_POINT('',(-7.527,-18.58));
#2399 = VECTOR('',#2400,1.);
#2400 = DIRECTION('',(1.,0.));
#2401 = ( GEOMETRIC_REPRESENTATION_CONTEXT(2) 
PARAMETRIC_REPRESENTATION_CONTEXT() REPRESENTATION_CONTEXT('2D SPACE',''
  ) );
#2402 = PCURVE('',#2403,#2408);
#2403 = PLANE('',#2404);
#2404 = AXIS2_PLACEMENT_3D('',#2405,#2406,#2407);
#2405 = CARTESIAN_POINT('',(10.,8.59,6.95));
#2406 = DIRECTION('',(1.,0.,-0.));
#2407 = DIRECTION('',(0.,0.,1.));
#2408 = DEFINITIONAL_REPRESENTATION('',(#2409),#2413);
#2409 = LINE('',#2410,#2411);
#2410 = CARTESIAN_POINT('',(0.,0.));
#2411 = VECTOR('',#2412,1.);
#2412 = DIRECTION('',(1.,0.));
#2413 = ( GEOMETRIC_REPRESENTATION_CONTEXT(2) 
PARAMETRIC_REPRESENTATION_CONTEXT() REPRESENTATION_CONTEXT('2D SPACE',''
  ) );
#2414 = ORIENTED_EDGE('',*,*,#1901,.F.);
#2415 = ADVANCED_FACE('',(#2416),#1864,.F.);
#2416 = FACE_BOUND('',#2417,.F.);
#2417 = EDGE_LOOP('',(#2418,#2419,#2420,#2441));
#2418 = ORIENTED_EDGE('',*,*,#1848,.F.);
#2419 = ORIENTED_EDGE('',*,*,#2354,.T.);
#2420 = ORIENTED_EDGE('',*,*,#2421,.T.);
#2421 = EDGE_CURVE('',#2334,#2087,#2422,.T.);
#2422 = SURFACE_CURVE('',#2423,(#2427,#2434),.PCURVE_S1.);
#2423 = LINE('',#2424,#2425);
#2424 = CARTESIAN_POINT('',(7.3,-2.64,12.977));
#2425 = VECTOR('',#2426,1.);
#2426 = DIRECTION('',(0.,0.,1.));
#2427 = PCURVE('',#1864,#2428);
#2428 = DEFINITIONAL_REPRESENTATION('',(#2429),#2433);
#2429 = LINE('',#2430,#2431);
#2430 = CARTESIAN_POINT('',(0.,-1.76));
#2431 = VECTOR('',#2432,1.);
#2432 = DIRECTION('',(1.,0.));
#2433 = ( GEOMETRIC_REPRESENTATION_CONTEXT(2) 
PARAMETRIC_REPRESENTATION_CONTEXT() REPRESENTATION_CONTEXT('2D SPACE',''
  ) );
#2434 = PCURVE('',#2101,#2435);
#2435 = DEFINITIONAL_REPRESENTATION('',(#2436),#2440);
#2436 = LINE('',#2437,#2438);
#2437 = CARTESIAN_POINT('',(0.,8.8));
#2438 = VECTOR('',#2439,1.);
#2439 = DIRECTION('',(1.,0.));
#2440 = ( GEOMETRIC_REPRESENTATION_CONTEXT(2) 
PARAMETRIC_REPRESENTATION_CONTEXT() REPRESENTATION_CONTEXT('2D SPACE',''
  ) );
#2441 = ORIENTED_EDGE('',*,*,#2112,.F.);
#2442 = ADVANCED_FACE('',(#2443),#2101,.F.);
#2443 = FACE_BOUND('',#2444,.F.);
#2444 = EDGE_LOOP('',(#2445,#2446,#2447,#2466));
#2445 = ORIENTED_EDGE('',*,*,#2421,.F.);
#2446 = ORIENTED_EDGE('',*,*,#2333,.T.);
#2447 = ORIENTED_EDGE('',*,*,#2448,.T.);
#2448 = EDGE_CURVE('',#2311,#2059,#2449,.T.);
#2449 = SURFACE_CURVE('',#2450,(#2454,#2460),.PCURVE_S1.);
#2450 = LINE('',#2451,#2452);
#2451 = CARTESIAN_POINT('',(0.,-2.64,13.727));
#2452 = VECTOR('',#2453,1.);
#2453 = DIRECTION('',(0.,0.,1.));
#2454 = PCURVE('',#2101,#2455);
#2455 = DEFINITIONAL_REPRESENTATION('',(#2456),#2459);
#2456 = B_SPLINE_CURVE_WITH_KNOTS('',1,(#2457,#2458),.UNSPECIFIED.,.F.,
  .F.,(2,2),(0.75,2.65),.PIECEWISE_BEZIER_KNOTS.);
#2457 = CARTESIAN_POINT('',(1.5,1.5));
#2458 = CARTESIAN_POINT('',(3.4,1.5));
#2459 = ( GEOMETRIC_REPRESENTATION_CONTEXT(2) 
PARAMETRIC_REPRESENTATION_CONTEXT() REPRESENTATION_CONTEXT('2D SPACE',''
  ) );
#2460 = PCURVE('',#2074,#2461);
#2461 = DEFINITIONAL_REPRESENTATION('',(#2462),#2465);
#2462 = B_SPLINE_CURVE_WITH_KNOTS('',1,(#2463,#2464),.UNSPECIFIED.,.F.,
  .F.,(2,2),(0.75,2.65),.PIECEWISE_BEZIER_KNOTS.);
#2463 = CARTESIAN_POINT('',(0.,-7.35));
#2464 = CARTESIAN_POINT('',(1.9,-7.35));
#2465 = ( GEOMETRIC_REPRESENTATION_CONTEXT(2) 
PARAMETRIC_REPRESENTATION_CONTEXT() REPRESENTATION_CONTEXT('2D SPACE',''
  ) );
#2466 = ORIENTED_EDGE('',*,*,#2086,.F.);
#2467 = ADVANCED_FACE('',(#2468),#2074,.F.);
#2468 = FACE_BOUND('',#2469,.F.);
#2469 = EDGE_LOOP('',(#2470,#2471,#2472,#2491));
#2470 = ORIENTED_EDGE('',*,*,#2448,.F.);
#2471 = ORIENTED_EDGE('',*,*,#2310,.T.);
#2472 = ORIENTED_EDGE('',*,*,#2473,.T.);
#2473 = EDGE_CURVE('',#2290,#2033,#2474,.T.);
#2474 = SURFACE_CURVE('',#2475,(#2479,#2485),.PCURVE_S1.);
#2475 = LINE('',#2476,#2477);
#2476 = CARTESIAN_POINT('',(0.,2.64,13.727));
#2477 = VECTOR('',#2478,1.);
#2478 = DIRECTION('',(0.,0.,1.));
#2479 = PCURVE('',#2074,#2480);
#2480 = DEFINITIONAL_REPRESENTATION('',(#2481),#2484);
#2481 = B_SPLINE_CURVE_WITH_KNOTS('',1,(#2482,#2483),.UNSPECIFIED.,.F.,
  .F.,(2,2),(0.75,2.65),.PIECEWISE_BEZIER_KNOTS.);
#2482 = CARTESIAN_POINT('',(0.,-12.63));
#2483 = CARTESIAN_POINT('',(1.9,-12.63));
#2484 = ( GEOMETRIC_REPRESENTATION_CONTEXT(2) 
PARAMETRIC_REPRESENTATION_CONTEXT() REPRESENTATION_CONTEXT('2D SPACE',''
  ) );
#2485 = PCURVE('',#2047,#2486);
#2486 = DEFINITIONAL_REPRESENTATION('',(#2487),#2490);
#2487 = B_SPLINE_CURVE_WITH_KNOTS('',1,(#2488,#2489),.UNSPECIFIED.,.F.,
  .F.,(2,2),(0.75,2.65),.PIECEWISE_BEZIER_KNOTS.);
#2488 = CARTESIAN_POINT('',(1.5,1.5));
#2489 = CARTESIAN_POINT('',(3.4,1.5));
#2490 = ( GEOMETRIC_REPRESENTATION_CONTEXT(2) 
PARAMETRIC_REPRESENTATION_CONTEXT() REPRESENTATION_CONTEXT('2D SPACE',''
  ) );
#2491 = ORIENTED_EDGE('',*,*,#2058,.F.);
#2492 = ADVANCED_FACE('',(#2493),#2047,.T.);
#2493 = FACE_BOUND('',#2494,.T.);
#2494 = EDGE_LOOP('',(#2495,#2516,#2517,#2518));
#2495 = ORIENTED_EDGE('',*,*,#2496,.F.);
#2496 = EDGE_CURVE('',#2269,#2007,#2497,.T.);
#2497 = SURFACE_CURVE('',#2498,(#2502,#2509),.PCURVE_S1.);
#2498 = LINE('',#2499,#2500);
#2499 = CARTESIAN_POINT('',(7.3,2.64,12.977));
#2500 = VECTOR('',#2501,1.);
#2501 = DIRECTION('',(0.,0.,1.));
#2502 = PCURVE('',#2047,#2503);
#2503 = DEFINITIONAL_REPRESENTATION('',(#2504),#2508);
#2504 = LINE('',#2505,#2506);
#2505 = CARTESIAN_POINT('',(0.,8.8));
#2506 = VECTOR('',#2507,1.);
#2507 = DIRECTION('',(1.,0.));
#2508 = ( GEOMETRIC_REPRESENTATION_CONTEXT(2) 
PARAMETRIC_REPRESENTATION_CONTEXT() REPRESENTATION_CONTEXT('2D SPACE',''
  ) );
#2509 = PCURVE('',#2021,#2510);
#2510 = DEFINITIONAL_REPRESENTATION('',(#2511),#2515);
#2511 = LINE('',#2512,#2513);
#2512 = CARTESIAN_POINT('',(0.,0.));
#2513 = VECTOR('',#2514,1.);
#2514 = DIRECTION('',(1.,0.));
#2515 = ( GEOMETRIC_REPRESENTATION_CONTEXT(2) 
PARAMETRIC_REPRESENTATION_CONTEXT() REPRESENTATION_CONTEXT('2D SPACE',''
  ) );
#2516 = ORIENTED_EDGE('',*,*,#2289,.T.);
#2517 = ORIENTED_EDGE('',*,*,#2473,.T.);
#2518 = ORIENTED_EDGE('',*,*,#2032,.F.);
#2519 = ADVANCED_FACE('',(#2520),#2021,.F.);
#2520 = FACE_BOUND('',#2521,.F.);
#2521 = EDGE_LOOP('',(#2522,#2523,#2524,#2545));
#2522 = ORIENTED_EDGE('',*,*,#2496,.F.);
#2523 = ORIENTED_EDGE('',*,*,#2268,.T.);
#2524 = ORIENTED_EDGE('',*,*,#2525,.T.);
#2525 = EDGE_CURVE('',#2248,#1981,#2526,.T.);
#2526 = SURFACE_CURVE('',#2527,(#2531,#2538),.PCURVE_S1.);
#2527 = LINE('',#2528,#2529);
#2528 = CARTESIAN_POINT('',(7.3,4.4,12.977));
#2529 = VECTOR('',#2530,1.);
#2530 = DIRECTION('',(0.,0.,1.));
#2531 = PCURVE('',#2021,#2532);
#2532 = DEFINITIONAL_REPRESENTATION('',(#2533),#2537);
#2533 = LINE('',#2534,#2535);
#2534 = CARTESIAN_POINT('',(0.,-1.76));
#2535 = VECTOR('',#2536,1.);
#2536 = DIRECTION('',(1.,0.));
#2537 = ( GEOMETRIC_REPRESENTATION_CONTEXT(2) 
PARAMETRIC_REPRESENTATION_CONTEXT() REPRESENTATION_CONTEXT('2D SPACE',''
  ) );
#2538 = PCURVE('',#1995,#2539);
#2539 = DEFINITIONAL_REPRESENTATION('',(#2540),#2544);
#2540 = LINE('',#2541,#2542);
#2541 = CARTESIAN_POINT('',(0.,8.8));
#2542 = VECTOR('',#2543,1.);
#2543 = DIRECTION('',(1.,0.));
#2544 = ( GEOMETRIC_REPRESENTATION_CONTEXT(2) 
PARAMETRIC_REPRESENTATION_CONTEXT() REPRESENTATION_CONTEXT('2D SPACE',''
  ) );
#2545 = ORIENTED_EDGE('',*,*,#2006,.F.);
#2546 = ADVANCED_FACE('',(#2547),#1995,.F.);
#2547 = FACE_BOUND('',#2548,.F.);
#2548 = EDGE_LOOP('',(#2549,#2579,#2607,#2626,#2627,#2628,#2629));
#2549 = ORIENTED_EDGE('',*,*,#2550,.F.);
#2550 = EDGE_CURVE('',#2551,#2553,#2555,.T.);
#2551 = VERTEX_POINT('',#2552);
#2552 = CARTESIAN_POINT('',(-1.5,4.4,12.977));
#2553 = VERTEX_POINT('',#2554);
#2554 = CARTESIAN_POINT('',(0.,4.4,12.977));
#2555 = SURFACE_CURVE('',#2556,(#2560,#2567),.PCURVE_S1.);
#2556 = LINE('',#2557,#2558);
#2557 = CARTESIAN_POINT('',(-1.5,4.4,12.977));
#2558 = VECTOR('',#2559,1.);
#2559 = DIRECTION('',(1.,0.,-0.));
#2560 = PCURVE('',#1995,#2561);
#2561 = DEFINITIONAL_REPRESENTATION('',(#2562),#2566);
#2562 = LINE('',#2563,#2564);
#2563 = CARTESIAN_POINT('',(0.,0.));
#2564 = VECTOR('',#2565,1.);
#2565 = DIRECTION('',(0.,1.));
#2566 = ( GEOMETRIC_REPRESENTATION_CONTEXT(2) 
PARAMETRIC_REPRESENTATION_CONTEXT() REPRESENTATION_CONTEXT('2D SPACE',''
  ) );
#2567 = PCURVE('',#2568,#2573);
#2568 = PLANE('',#2569);
#2569 = AXIS2_PLACEMENT_3D('',#2570,#2571,#2572);
#2570 = CARTESIAN_POINT('',(-1.5,2.64,12.977));
#2571 = DIRECTION('',(0.,0.,1.));
#2572 = DIRECTION('',(1.,0.,-0.));
#2573 = DEFINITIONAL_REPRESENTATION('',(#2574),#2578);
#2574 = LINE('',#2575,#2576);
#2575 = CARTESIAN_POINT('',(0.,1.76));
#2576 = VECTOR('',#2577,1.);
#2577 = DIRECTION('',(1.,0.));
#2578 = ( GEOMETRIC_REPRESENTATION_CONTEXT(2) 
PARAMETRIC_REPRESENTATION_CONTEXT() REPRESENTATION_CONTEXT('2D SPACE',''
  ) );
#2579 = ORIENTED_EDGE('',*,*,#2580,.T.);
#2580 = EDGE_CURVE('',#2551,#2581,#2583,.T.);
#2581 = VERTEX_POINT('',#2582);
#2582 = CARTESIAN_POINT('',(-1.5,4.4,16.377));
#2583 = SURFACE_CURVE('',#2584,(#2588,#2595),.PCURVE_S1.);
#2584 = LINE('',#2585,#2586);
#2585 = CARTESIAN_POINT('',(-1.5,4.4,12.977));
#2586 = VECTOR('',#2587,1.);
#2587 = DIRECTION('',(0.,0.,1.));
#2588 = PCURVE('',#1995,#2589);
#2589 = DEFINITIONAL_REPRESENTATION('',(#2590),#2594);
#2590 = LINE('',#2591,#2592);
#2591 = CARTESIAN_POINT('',(0.,0.));
#2592 = VECTOR('',#2593,1.);
#2593 = DIRECTION('',(1.,0.));
#2594 = ( GEOMETRIC_REPRESENTATION_CONTEXT(2) 
PARAMETRIC_REPRESENTATION_CONTEXT() REPRESENTATION_CONTEXT('2D SPACE',''
  ) );
#2595 = PCURVE('',#2596,#2601);
#2596 = PLANE('',#2597);
#2597 = AXIS2_PLACEMENT_3D('',#2598,#2599,#2600);
#2598 = CARTESIAN_POINT('',(-1.5,2.64,12.977));
#2599 = DIRECTION('',(1.,0.,-0.));
#2600 = DIRECTION('',(0.,0.,1.));
#2601 = DEFINITIONAL_REPRESENTATION('',(#2602),#2606);
#2602 = LINE('',#2603,#2604);
#2603 = CARTESIAN_POINT('',(0.,-1.76));
#2604 = VECTOR('',#2605,1.);
#2605 = DIRECTION('',(1.,0.));
#2606 = ( GEOMETRIC_REPRESENTATION_CONTEXT(2) 
PARAMETRIC_REPRESENTATION_CONTEXT() REPRESENTATION_CONTEXT('2D SPACE',''
  ) );
#2607 = ORIENTED_EDGE('',*,*,#2608,.F.);
#2608 = EDGE_CURVE('',#1953,#2581,#2609,.T.);
#2609 = SURFACE_CURVE('',#2610,(#2614,#2620),.PCURVE_S1.);
#2610 = LINE('',#2611,#2612);
#2611 = CARTESIAN_POINT('',(-3.9635,4.4,16.377));
#2612 = VECTOR('',#2613,1.);
#2613 = DIRECTION('',(-1.,-0.,0.));
#2614 = PCURVE('',#1995,#2615);
#2615 = DEFINITIONAL_REPRESENTATION('',(#2616),#2619);
#2616 = B_SPLINE_CURVE_WITH_KNOTS('',1,(#2617,#2618),.UNSPECIFIED.,.F.,
  .F.,(2,2),(-3.9635,-2.4635),.PIECEWISE_BEZIER_KNOTS.);
#2617 = CARTESIAN_POINT('',(3.4,1.5));
#2618 = CARTESIAN_POINT('',(3.4,0.));
#2619 = ( GEOMETRIC_REPRESENTATION_CONTEXT(2) 
PARAMETRIC_REPRESENTATION_CONTEXT() REPRESENTATION_CONTEXT('2D SPACE',''
  ) );
#2620 = PCURVE('',#1968,#2621);
#2621 = DEFINITIONAL_REPRESENTATION('',(#2622),#2625);
#2622 = B_SPLINE_CURVE_WITH_KNOTS('',1,(#2623,#2624),.UNSPECIFIED.,.F.,
  .F.,(2,2),(-3.9635,-2.4635),.PIECEWISE_BEZIER_KNOTS.);
#2623 = CARTESIAN_POINT('',(6.427,0.32));
#2624 = CARTESIAN_POINT('',(4.927,0.32));
#2625 = ( GEOMETRIC_REPRESENTATION_CONTEXT(2) 
PARAMETRIC_REPRESENTATION_CONTEXT() REPRESENTATION_CONTEXT('2D SPACE',''
  ) );
#2626 = ORIENTED_EDGE('',*,*,#1980,.F.);
#2627 = ORIENTED_EDGE('',*,*,#2525,.F.);
#2628 = ORIENTED_EDGE('',*,*,#2247,.T.);
#2629 = ORIENTED_EDGE('',*,*,#2630,.F.);
#2630 = EDGE_CURVE('',#2553,#2220,#2631,.T.);
#2631 = SURFACE_CURVE('',#2632,(#2636,#2642),.PCURVE_S1.);
#2632 = LINE('',#2633,#2634);
#2633 = CARTESIAN_POINT('',(0.,4.4,12.0335));
#2634 = VECTOR('',#2635,1.);
#2635 = DIRECTION('',(0.,0.,1.));
#2636 = PCURVE('',#1995,#2637);
#2637 = DEFINITIONAL_REPRESENTATION('',(#2638),#2641);
#2638 = B_SPLINE_CURVE_WITH_KNOTS('',1,(#2639,#2640),.UNSPECIFIED.,.F.,
  .F.,(2,2),(0.9435,2.4435),.PIECEWISE_BEZIER_KNOTS.);
#2639 = CARTESIAN_POINT('',(0.,1.5));
#2640 = CARTESIAN_POINT('',(1.5,1.5));
#2641 = ( GEOMETRIC_REPRESENTATION_CONTEXT(2) 
PARAMETRIC_REPRESENTATION_CONTEXT() REPRESENTATION_CONTEXT('2D SPACE',''
  ) );
#2642 = PCURVE('',#2235,#2643);
#2643 = DEFINITIONAL_REPRESENTATION('',(#2644),#2647);
#2644 = B_SPLINE_CURVE_WITH_KNOTS('',1,(#2645,#2646),.UNSPECIFIED.,.F.,
  .F.,(2,2),(0.9435,2.4435),.PIECEWISE_BEZIER_KNOTS.);
#2645 = CARTESIAN_POINT('',(1.887,-0.32));
#2646 = CARTESIAN_POINT('',(3.387,-0.32));
#2647 = ( GEOMETRIC_REPRESENTATION_CONTEXT(2) 
PARAMETRIC_REPRESENTATION_CONTEXT() REPRESENTATION_CONTEXT('2D SPACE',''
  ) );
#2648 = ADVANCED_FACE('',(#2649),#1968,.T.);
#2649 = FACE_BOUND('',#2650,.T.);
#2650 = EDGE_LOOP('',(#2651,#2681,#2707,#2735,#2754,#2755,#2756));
#2651 = ORIENTED_EDGE('',*,*,#2652,.F.);
#2652 = EDGE_CURVE('',#2653,#2655,#2657,.T.);
#2653 = VERTEX_POINT('',#2654);
#2654 = CARTESIAN_POINT('',(-3.544,9.99,16.377));
#2655 = VERTEX_POINT('',#2656);
#2656 = CARTESIAN_POINT('',(0.,9.99,16.377));
#2657 = SURFACE_CURVE('',#2658,(#2662,#2669),.PCURVE_S1.);
#2658 = LINE('',#2659,#2660);
#2659 = CARTESIAN_POINT('',(-6.427,9.99,16.377));
#2660 = VECTOR('',#2661,1.);
#2661 = DIRECTION('',(1.,0.,-0.));
#2662 = PCURVE('',#1968,#2663);
#2663 = DEFINITIONAL_REPRESENTATION('',(#2664),#2668);
#2664 = LINE('',#2665,#2666);
#2665 = CARTESIAN_POINT('',(0.,5.91));
#2666 = VECTOR('',#2667,1.);
#2667 = DIRECTION('',(1.,0.));
#2668 = ( GEOMETRIC_REPRESENTATION_CONTEXT(2) 
PARAMETRIC_REPRESENTATION_CONTEXT() REPRESENTATION_CONTEXT('2D SPACE',''
  ) );
#2669 = PCURVE('',#2670,#2675);
#2670 = PLANE('',#2671);
#2671 = AXIS2_PLACEMENT_3D('',#2672,#2673,#2674);
#2672 = CARTESIAN_POINT('',(-6.427,9.99,11.09));
#2673 = DIRECTION('',(-0.,1.,0.));
#2674 = DIRECTION('',(0.,0.,1.));
#2675 = DEFINITIONAL_REPRESENTATION('',(#2676),#2680);
#2676 = LINE('',#2677,#2678);
#2677 = CARTESIAN_POINT('',(5.287,0.));
#2678 = VECTOR('',#2679,1.);
#2679 = DIRECTION('',(0.,1.));
#2680 = ( GEOMETRIC_REPRESENTATION_CONTEXT(2) 
PARAMETRIC_REPRESENTATION_CONTEXT() REPRESENTATION_CONTEXT('2D SPACE',''
  ) );
#2681 = ORIENTED_EDGE('',*,*,#2682,.T.);
#2682 = EDGE_CURVE('',#2653,#2683,#2685,.T.);
#2683 = VERTEX_POINT('',#2684);
#2684 = CARTESIAN_POINT('',(-3.544,4.08,16.377));
#2685 = SURFACE_CURVE('',#2686,(#2690,#2696),.PCURVE_S1.);
#2686 = LINE('',#2687,#2688);
#2687 = CARTESIAN_POINT('',(-3.544,-12.96,16.377));
#2688 = VECTOR('',#2689,1.);
#2689 = DIRECTION('',(0.,-1.,0.));
#2690 = PCURVE('',#1968,#2691);
#2691 = DEFINITIONAL_REPRESENTATION('',(#2692),#2695);
#2692 = B_SPLINE_CURVE_WITH_KNOTS('',1,(#2693,#2694),.UNSPECIFIED.,.F.,
  .F.,(2,2),(-22.95,-17.04),.PIECEWISE_BEZIER_KNOTS.);
#2693 = CARTESIAN_POINT('',(2.883,5.91));
#2694 = CARTESIAN_POINT('',(2.883,0.));
#2695 = ( GEOMETRIC_REPRESENTATION_CONTEXT(2) 
PARAMETRIC_REPRESENTATION_CONTEXT() REPRESENTATION_CONTEXT('2D SPACE',''
  ) );
#2696 = PCURVE('',#2697,#2702);
#2697 = PLANE('',#2698);
#2698 = AXIS2_PLACEMENT_3D('',#2699,#2700,#2701);
#2699 = CARTESIAN_POINT('',(-21.21320343559,-30.,-1.292203435596));
#2700 = DIRECTION('',(-0.707106781187,0.,0.707106781187));
#2701 = DIRECTION('',(0.707106781187,0.,0.707106781187));
#2702 = DEFINITIONAL_REPRESENTATION('',(#2703),#2706);
#2703 = B_SPLINE_CURVE_WITH_KNOTS('',1,(#2704,#2705),.UNSPECIFIED.,.F.,
  .F.,(2,2),(-22.95,-17.04),.PIECEWISE_BEZIER_KNOTS.);
#2704 = CARTESIAN_POINT('',(24.98802713495,39.99));
#2705 = CARTESIAN_POINT('',(24.98802713495,34.08));
#2706 = ( GEOMETRIC_REPRESENTATION_CONTEXT(2) 
PARAMETRIC_REPRESENTATION_CONTEXT() REPRESENTATION_CONTEXT('2D SPACE',''
  ) );
#2707 = ORIENTED_EDGE('',*,*,#2708,.T.);
#2708 = EDGE_CURVE('',#2683,#2709,#2711,.T.);
#2709 = VERTEX_POINT('',#2710);
#2710 = CARTESIAN_POINT('',(-1.5,4.08,16.377));
#2711 = SURFACE_CURVE('',#2712,(#2716,#2723),.PCURVE_S1.);
#2712 = LINE('',#2713,#2714);
#2713 = CARTESIAN_POINT('',(-6.427,4.08,16.377));
#2714 = VECTOR('',#2715,1.);
#2715 = DIRECTION('',(1.,0.,-0.));
#2716 = PCURVE('',#1968,#2717);
#2717 = DEFINITIONAL_REPRESENTATION('',(#2718),#2722);
#2718 = LINE('',#2719,#2720);
#2719 = CARTESIAN_POINT('',(0.,0.));
#2720 = VECTOR('',#2721,1.);
#2721 = DIRECTION('',(1.,0.));
#2722 = ( GEOMETRIC_REPRESENTATION_CONTEXT(2) 
PARAMETRIC_REPRESENTATION_CONTEXT() REPRESENTATION_CONTEXT('2D SPACE',''
  ) );
#2723 = PCURVE('',#2724,#2729);
#2724 = PLANE('',#2725);
#2725 = AXIS2_PLACEMENT_3D('',#2726,#2727,#2728);
#2726 = CARTESIAN_POINT('',(-6.427,4.08,11.09));
#2727 = DIRECTION('',(-0.,1.,0.));
#2728 = DIRECTION('',(0.,0.,1.));
#2729 = DEFINITIONAL_REPRESENTATION('',(#2730),#2734);
#2730 = LINE('',#2731,#2732);
#2731 = CARTESIAN_POINT('',(5.287,0.));
#2732 = VECTOR('',#2733,1.);
#2733 = DIRECTION('',(0.,1.));
#2734 = ( GEOMETRIC_REPRESENTATION_CONTEXT(2) 
PARAMETRIC_REPRESENTATION_CONTEXT() REPRESENTATION_CONTEXT('2D SPACE',''
  ) );
#2735 = ORIENTED_EDGE('',*,*,#2736,.T.);
#2736 = EDGE_CURVE('',#2709,#2581,#2737,.T.);
#2737 = SURFACE_CURVE('',#2738,(#2742,#2748),.PCURVE_S1.);
#2738 = LINE('',#2739,#2740);
#2739 = CARTESIAN_POINT('',(-1.5,3.36,16.377));
#2740 = VECTOR('',#2741,1.);
#2741 = DIRECTION('',(-0.,1.,0.));
#2742 = PCURVE('',#1968,#2743);
#2743 = DEFINITIONAL_REPRESENTATION('',(#2744),#2747);
#2744 = B_SPLINE_CURVE_WITH_KNOTS('',1,(#2745,#2746),.UNSPECIFIED.,.F.,
  .F.,(2,2),(0.72,1.04),.PIECEWISE_BEZIER_KNOTS.);
#2745 = CARTESIAN_POINT('',(4.927,0.));
#2746 = CARTESIAN_POINT('',(4.927,0.32));
#2747 = ( GEOMETRIC_REPRESENTATION_CONTEXT(2) 
PARAMETRIC_REPRESENTATION_CONTEXT() REPRESENTATION_CONTEXT('2D SPACE',''
  ) );
#2748 = PCURVE('',#2596,#2749);
#2749 = DEFINITIONAL_REPRESENTATION('',(#2750),#2753);
#2750 = B_SPLINE_CURVE_WITH_KNOTS('',1,(#2751,#2752),.UNSPECIFIED.,.F.,
  .F.,(2,2),(0.72,1.04),.PIECEWISE_BEZIER_KNOTS.);
#2751 = CARTESIAN_POINT('',(3.4,-1.44));
#2752 = CARTESIAN_POINT('',(3.4,-1.76));
#2753 = ( GEOMETRIC_REPRESENTATION_CONTEXT(2) 
PARAMETRIC_REPRESENTATION_CONTEXT() REPRESENTATION_CONTEXT('2D SPACE',''
  ) );
#2754 = ORIENTED_EDGE('',*,*,#2608,.F.);
#2755 = ORIENTED_EDGE('',*,*,#1952,.T.);
#2756 = ORIENTED_EDGE('',*,*,#2757,.T.);
#2757 = EDGE_CURVE('',#1925,#2655,#2758,.T.);
#2758 = SURFACE_CURVE('',#2759,(#2763,#2770),.PCURVE_S1.);
#2759 = LINE('',#2760,#2761);
#2760 = CARTESIAN_POINT('',(0.,4.08,16.377));
#2761 = VECTOR('',#2762,1.);
#2762 = DIRECTION('',(-0.,1.,0.));
#2763 = PCURVE('',#1968,#2764);
#2764 = DEFINITIONAL_REPRESENTATION('',(#2765),#2769);
#2765 = LINE('',#2766,#2767);
#2766 = CARTESIAN_POINT('',(6.427,0.));
#2767 = VECTOR('',#2768,1.);
#2768 = DIRECTION('',(0.,1.));
#2769 = ( GEOMETRIC_REPRESENTATION_CONTEXT(2) 
PARAMETRIC_REPRESENTATION_CONTEXT() REPRESENTATION_CONTEXT('2D SPACE',''
  ) );
#2770 = PCURVE('',#1940,#2771);
#2771 = DEFINITIONAL_REPRESENTATION('',(#2772),#2776);
#2772 = LINE('',#2773,#2774);
#2773 = CARTESIAN_POINT('',(0.,-4.51));
#2774 = VECTOR('',#2775,1.);
#2775 = DIRECTION('',(0.,1.));
#2776 = ( GEOMETRIC_REPRESENTATION_CONTEXT(2) 
PARAMETRIC_REPRESENTATION_CONTEXT() REPRESENTATION_CONTEXT('2D SPACE',''
  ) );
#2777 = ADVANCED_FACE('',(#2778),#1940,.T.);
#2778 = FACE_BOUND('',#2779,.T.);
#2779 = EDGE_LOOP('',(#2780,#2781,#2782,#2805));
#2780 = ORIENTED_EDGE('',*,*,#2757,.F.);
#2781 = ORIENTED_EDGE('',*,*,#1924,.T.);
#2782 = ORIENTED_EDGE('',*,*,#2783,.T.);
#2783 = EDGE_CURVE('',#1902,#2784,#2786,.T.);
#2784 = VERTEX_POINT('',#2785);
#2785 = CARTESIAN_POINT('',(10.,9.99,16.377));
#2786 = SURFACE_CURVE('',#2787,(#2791,#2798),.PCURVE_S1.);
#2787 = LINE('',#2788,#2789);
#2788 = CARTESIAN_POINT('',(10.,8.59,16.377));
#2789 = VECTOR('',#2790,1.);
#2790 = DIRECTION('',(-0.,1.,0.));
#2791 = PCURVE('',#1940,#2792);
#2792 = DEFINITIONAL_REPRESENTATION('',(#2793),#2797);
#2793 = LINE('',#2794,#2795);
#2794 = CARTESIAN_POINT('',(10.,0.));
#2795 = VECTOR('',#2796,1.);
#2796 = DIRECTION('',(0.,1.));
#2797 = ( GEOMETRIC_REPRESENTATION_CONTEXT(2) 
PARAMETRIC_REPRESENTATION_CONTEXT() REPRESENTATION_CONTEXT('2D SPACE',''
  ) );
#2798 = PCURVE('',#2403,#2799);
#2799 = DEFINITIONAL_REPRESENTATION('',(#2800),#2804);
#2800 = LINE('',#2801,#2802);
#2801 = CARTESIAN_POINT('',(9.427,0.));
#2802 = VECTOR('',#2803,1.);
#2803 = DIRECTION('',(0.,-1.));
#2804 = ( GEOMETRIC_REPRESENTATION_CONTEXT(2) 
PARAMETRIC_REPRESENTATION_CONTEXT() REPRESENTATION_CONTEXT('2D SPACE',''
  ) );
#2805 = ORIENTED_EDGE('',*,*,#2806,.F.);
#2806 = EDGE_CURVE('',#2655,#2784,#2807,.T.);
#2807 = SURFACE_CURVE('',#2808,(#2812,#2819),.PCURVE_S1.);
#2808 = LINE('',#2809,#2810);
#2809 = CARTESIAN_POINT('',(0.,9.99,16.377));
#2810 = VECTOR('',#2811,1.);
#2811 = DIRECTION('',(1.,0.,-0.));
#2812 = PCURVE('',#1940,#2813);
#2813 = DEFINITIONAL_REPRESENTATION('',(#2814),#2818);
#2814 = LINE('',#2815,#2816);
#2815 = CARTESIAN_POINT('',(0.,1.4));
#2816 = VECTOR('',#2817,1.);
#2817 = DIRECTION('',(1.,0.));
#2818 = ( GEOMETRIC_REPRESENTATION_CONTEXT(2) 
PARAMETRIC_REPRESENTATION_CONTEXT() REPRESENTATION_CONTEXT('2D SPACE',''
  ) );
#2819 = PCURVE('',#2820,#2825);
#2820 = PLANE('',#2821);
#2821 = AXIS2_PLACEMENT_3D('',#2822,#2823,#2824);
#2822 = CARTESIAN_POINT('',(0.,9.99,6.95));
#2823 = DIRECTION('',(-0.,1.,0.));
#2824 = DIRECTION('',(0.,0.,1.));
#2825 = DEFINITIONAL_REPRESENTATION('',(#2826),#2830);
#2826 = LINE('',#2827,#2828);
#2827 = CARTESIAN_POINT('',(9.427,0.));
#2828 = VECTOR('',#2829,1.);
#2829 = DIRECTION('',(0.,1.));
#2830 = ( GEOMETRIC_REPRESENTATION_CONTEXT(2) 
PARAMETRIC_REPRESENTATION_CONTEXT() REPRESENTATION_CONTEXT('2D SPACE',''
  ) );
#2831 = ADVANCED_FACE('',(#2832),#2235,.T.);
#2832 = FACE_BOUND('',#2833,.T.);
#2833 = EDGE_LOOP('',(#2834,#2835,#2836,#2857,#2880,#2908,#2934,#2960,
    #2986,#3009));
#2834 = ORIENTED_EDGE('',*,*,#2219,.F.);
#2835 = ORIENTED_EDGE('',*,*,#2630,.F.);
#2836 = ORIENTED_EDGE('',*,*,#2837,.T.);
#2837 = EDGE_CURVE('',#2553,#2838,#2840,.T.);
#2838 = VERTEX_POINT('',#2839);
#2839 = CARTESIAN_POINT('',(0.,4.08,12.977));
#2840 = SURFACE_CURVE('',#2841,(#2845,#2851),.PCURVE_S1.);
#2841 = LINE('',#2842,#2843);
#2842 = CARTESIAN_POINT('',(0.,3.36,12.977));
#2843 = VECTOR('',#2844,1.);
#2844 = DIRECTION('',(0.,-1.,0.));
#2845 = PCURVE('',#2235,#2846);
#2846 = DEFINITIONAL_REPRESENTATION('',(#2847),#2850);
#2847 = B_SPLINE_CURVE_WITH_KNOTS('',1,(#2848,#2849),.UNSPECIFIED.,.F.,
  .F.,(2,2),(-1.04,-0.72),.PIECEWISE_BEZIER_KNOTS.);
#2848 = CARTESIAN_POINT('',(1.887,-0.32));
#2849 = CARTESIAN_POINT('',(1.887,0.));
#2850 = ( GEOMETRIC_REPRESENTATION_CONTEXT(2) 
PARAMETRIC_REPRESENTATION_CONTEXT() REPRESENTATION_CONTEXT('2D SPACE',''
  ) );
#2851 = PCURVE('',#2568,#2852);
#2852 = DEFINITIONAL_REPRESENTATION('',(#2853),#2856);
#2853 = B_SPLINE_CURVE_WITH_KNOTS('',1,(#2854,#2855),.UNSPECIFIED.,.F.,
  .F.,(2,2),(-1.04,-0.72),.PIECEWISE_BEZIER_KNOTS.);
#2854 = CARTESIAN_POINT('',(1.5,1.76));
#2855 = CARTESIAN_POINT('',(1.5,1.44));
#2856 = ( GEOMETRIC_REPRESENTATION_CONTEXT(2) 
PARAMETRIC_REPRESENTATION_CONTEXT() REPRESENTATION_CONTEXT('2D SPACE',''
  ) );
#2857 = ORIENTED_EDGE('',*,*,#2858,.F.);
#2858 = EDGE_CURVE('',#2859,#2838,#2861,.T.);
#2859 = VERTEX_POINT('',#2860);
#2860 = CARTESIAN_POINT('',(0.,4.08,11.09));
#2861 = SURFACE_CURVE('',#2862,(#2866,#2873),.PCURVE_S1.);
#2862 = LINE('',#2863,#2864);
#2863 = CARTESIAN_POINT('',(0.,4.08,11.09));
#2864 = VECTOR('',#2865,1.);
#2865 = DIRECTION('',(0.,0.,1.));
#2866 = PCURVE('',#2235,#2867);
#2867 = DEFINITIONAL_REPRESENTATION('',(#2868),#2872);
#2868 = LINE('',#2869,#2870);
#2869 = CARTESIAN_POINT('',(0.,0.));
#2870 = VECTOR('',#2871,1.);
#2871 = DIRECTION('',(1.,0.));
#2872 = ( GEOMETRIC_REPRESENTATION_CONTEXT(2) 
PARAMETRIC_REPRESENTATION_CONTEXT() REPRESENTATION_CONTEXT('2D SPACE',''
  ) );
#2873 = PCURVE('',#2724,#2874);
#2874 = DEFINITIONAL_REPRESENTATION('',(#2875),#2879);
#2875 = LINE('',#2876,#2877);
#2876 = CARTESIAN_POINT('',(0.,6.427));
#2877 = VECTOR('',#2878,1.);
#2878 = DIRECTION('',(1.,0.));
#2879 = ( GEOMETRIC_REPRESENTATION_CONTEXT(2) 
PARAMETRIC_REPRESENTATION_CONTEXT() REPRESENTATION_CONTEXT('2D SPACE',''
  ) );
#2880 = ORIENTED_EDGE('',*,*,#2881,.T.);
#2881 = EDGE_CURVE('',#2859,#2882,#2884,.T.);
#2882 = VERTEX_POINT('',#2883);
#2883 = CARTESIAN_POINT('',(0.,4.83,11.09));
#2884 = SURFACE_CURVE('',#2885,(#2889,#2896),.PCURVE_S1.);
#2885 = LINE('',#2886,#2887);
#2886 = CARTESIAN_POINT('',(0.,4.08,11.09));
#2887 = VECTOR('',#2888,1.);
#2888 = DIRECTION('',(-0.,1.,0.));
#2889 = PCURVE('',#2235,#2890);
#2890 = DEFINITIONAL_REPRESENTATION('',(#2891),#2895);
#2891 = LINE('',#2892,#2893);
#2892 = CARTESIAN_POINT('',(0.,0.));
#2893 = VECTOR('',#2894,1.);
#2894 = DIRECTION('',(0.,-1.));
#2895 = ( GEOMETRIC_REPRESENTATION_CONTEXT(2) 
PARAMETRIC_REPRESENTATION_CONTEXT() REPRESENTATION_CONTEXT('2D SPACE',''
  ) );
#2896 = PCURVE('',#2897,#2902);
#2897 = PLANE('',#2898);
#2898 = AXIS2_PLACEMENT_3D('',#2899,#2900,#2901);
#2899 = CARTESIAN_POINT('',(-6.427,4.08,11.09));
#2900 = DIRECTION('',(0.,0.,1.));
#2901 = DIRECTION('',(1.,0.,-0.));
#2902 = DEFINITIONAL_REPRESENTATION('',(#2903),#2907);
#2903 = LINE('',#2904,#2905);
#2904 = CARTESIAN_POINT('',(6.427,0.));
#2905 = VECTOR('',#2906,1.);
#2906 = DIRECTION('',(0.,1.));
#2907 = ( GEOMETRIC_REPRESENTATION_CONTEXT(2) 
PARAMETRIC_REPRESENTATION_CONTEXT() REPRESENTATION_CONTEXT('2D SPACE',''
  ) );
#2908 = ORIENTED_EDGE('',*,*,#2909,.T.);
#2909 = EDGE_CURVE('',#2882,#2910,#2912,.T.);
#2910 = VERTEX_POINT('',#2911);
#2911 = CARTESIAN_POINT('',(0.,4.83,13.354));
#2912 = SURFACE_CURVE('',#2913,(#2917,#2923),.PCURVE_S1.);
#2913 = LINE('',#2914,#2915);
#2914 = CARTESIAN_POINT('',(0.,4.83,10.34));
#2915 = VECTOR('',#2916,1.);
#2916 = DIRECTION('',(0.,0.,1.));
#2917 = PCURVE('',#2235,#2918);
#2918 = DEFINITIONAL_REPRESENTATION('',(#2919),#2922);
#2919 = B_SPLINE_CURVE_WITH_KNOTS('',1,(#2920,#2921),.UNSPECIFIED.,.F.,
  .F.,(2,2),(0.75,3.014),.PIECEWISE_BEZIER_KNOTS.);
#2920 = CARTESIAN_POINT('',(0.,-0.75));
#2921 = CARTESIAN_POINT('',(2.264,-0.75));
#2922 = ( GEOMETRIC_REPRESENTATION_CONTEXT(2) 
PARAMETRIC_REPRESENTATION_CONTEXT() REPRESENTATION_CONTEXT('2D SPACE',''
  ) );
#2923 = PCURVE('',#2924,#2929);
#2924 = PLANE('',#2925);
#2925 = AXIS2_PLACEMENT_3D('',#2926,#2927,#2928);
#2926 = CARTESIAN_POINT('',(-3.365,4.83,9.59));
#2927 = DIRECTION('',(-0.,1.,0.));
#2928 = DIRECTION('',(0.,0.,1.));
#2929 = DEFINITIONAL_REPRESENTATION('',(#2930),#2933);
#2930 = B_SPLINE_CURVE_WITH_KNOTS('',1,(#2931,#2932),.UNSPECIFIED.,.F.,
  .F.,(2,2),(0.75,3.014),.PIECEWISE_BEZIER_KNOTS.);
#2931 = CARTESIAN_POINT('',(1.5,3.365));
#2932 = CARTESIAN_POINT('',(3.764,3.365));
#2933 = ( GEOMETRIC_REPRESENTATION_CONTEXT(2) 
PARAMETRIC_REPRESENTATION_CONTEXT() REPRESENTATION_CONTEXT('2D SPACE',''
  ) );
#2934 = ORIENTED_EDGE('',*,*,#2935,.F.);
#2935 = EDGE_CURVE('',#2936,#2910,#2938,.T.);
#2936 = VERTEX_POINT('',#2937);
#2937 = CARTESIAN_POINT('',(0.,8.13,13.354));
#2938 = SURFACE_CURVE('',#2939,(#2943,#2949),.PCURVE_S1.);
#2939 = LINE('',#2940,#2941);
#2940 = CARTESIAN_POINT('',(0.,4.455,13.354));
#2941 = VECTOR('',#2942,1.);
#2942 = DIRECTION('',(0.,-1.,0.));
#2943 = PCURVE('',#2235,#2944);
#2944 = DEFINITIONAL_REPRESENTATION('',(#2945),#2948);
#2945 = B_SPLINE_CURVE_WITH_KNOTS('',1,(#2946,#2947),.UNSPECIFIED.,.F.,
  .F.,(2,2),(-3.675,-0.375),.PIECEWISE_BEZIER_KNOTS.);
#2946 = CARTESIAN_POINT('',(2.264,-4.05));
#2947 = CARTESIAN_POINT('',(2.264,-0.75));
#2948 = ( GEOMETRIC_REPRESENTATION_CONTEXT(2) 
PARAMETRIC_REPRESENTATION_CONTEXT() REPRESENTATION_CONTEXT('2D SPACE',''
  ) );
#2949 = PCURVE('',#2950,#2955);
#2950 = PLANE('',#2951);
#2951 = AXIS2_PLACEMENT_3D('',#2952,#2953,#2954);
#2952 = CARTESIAN_POINT('',(-3.365,4.83,13.354));
#2953 = DIRECTION('',(0.,0.,1.));
#2954 = DIRECTION('',(1.,0.,-0.));
#2955 = DEFINITIONAL_REPRESENTATION('',(#2956),#2959);
#2956 = B_SPLINE_CURVE_WITH_KNOTS('',1,(#2957,#2958),.UNSPECIFIED.,.F.,
  .F.,(2,2),(-3.675,-0.375),.PIECEWISE_BEZIER_KNOTS.);
#2957 = CARTESIAN_POINT('',(3.365,3.3));
#2958 = CARTESIAN_POINT('',(3.365,0.));
#2959 = ( GEOMETRIC_REPRESENTATION_CONTEXT(2) 
PARAMETRIC_REPRESENTATION_CONTEXT() REPRESENTATION_CONTEXT('2D SPACE',''
  ) );
#2960 = ORIENTED_EDGE('',*,*,#2961,.F.);
#2961 = EDGE_CURVE('',#2962,#2936,#2964,.T.);
#2962 = VERTEX_POINT('',#2963);
#2963 = CARTESIAN_POINT('',(0.,8.13,11.09));
#2964 = SURFACE_CURVE('',#2965,(#2969,#2975),.PCURVE_S1.);
#2965 = LINE('',#2966,#2967);
#2966 = CARTESIAN_POINT('',(0.,8.13,10.34));
#2967 = VECTOR('',#2968,1.);
#2968 = DIRECTION('',(0.,0.,1.));
#2969 = PCURVE('',#2235,#2970);
#2970 = DEFINITIONAL_REPRESENTATION('',(#2971),#2974);
#2971 = B_SPLINE_CURVE_WITH_KNOTS('',1,(#2972,#2973),.UNSPECIFIED.,.F.,
  .F.,(2,2),(0.75,3.014),.PIECEWISE_BEZIER_KNOTS.);
#2972 = CARTESIAN_POINT('',(0.,-4.05));
#2973 = CARTESIAN_POINT('',(2.264,-4.05));
#2974 = ( GEOMETRIC_REPRESENTATION_CONTEXT(2) 
PARAMETRIC_REPRESENTATION_CONTEXT() REPRESENTATION_CONTEXT('2D SPACE',''
  ) );
#2975 = PCURVE('',#2976,#2981);
#2976 = PLANE('',#2977);
#2977 = AXIS2_PLACEMENT_3D('',#2978,#2979,#2980);
#2978 = CARTESIAN_POINT('',(-3.365,8.13,9.59));
#2979 = DIRECTION('',(-0.,1.,0.));
#2980 = DIRECTION('',(0.,0.,1.));
#2981 = DEFINITIONAL_REPRESENTATION('',(#2982),#2985);
#2982 = B_SPLINE_CURVE_WITH_KNOTS('',1,(#2983,#2984),.UNSPECIFIED.,.F.,
  .F.,(2,2),(0.75,3.014),.PIECEWISE_BEZIER_KNOTS.);
#2983 = CARTESIAN_POINT('',(1.5,3.365));
#2984 = CARTESIAN_POINT('',(3.764,3.365));
#2985 = ( GEOMETRIC_REPRESENTATION_CONTEXT(2) 
PARAMETRIC_REPRESENTATION_CONTEXT() REPRESENTATION_CONTEXT('2D SPACE',''
  ) );
#2986 = ORIENTED_EDGE('',*,*,#2987,.T.);
#2987 = EDGE_CURVE('',#2962,#2988,#2990,.T.);
#2988 = VERTEX_POINT('',#2989);
#2989 = CARTESIAN_POINT('',(0.,8.59,11.09));
#2990 = SURFACE_CURVE('',#2991,(#2995,#3002),.PCURVE_S1.);
#2991 = LINE('',#2992,#2993);
#2992 = CARTESIAN_POINT('',(0.,4.08,11.09));
#2993 = VECTOR('',#2994,1.);
#2994 = DIRECTION('',(-0.,1.,0.));
#2995 = PCURVE('',#2235,#2996);
#2996 = DEFINITIONAL_REPRESENTATION('',(#2997),#3001);
#2997 = LINE('',#2998,#2999);
#2998 = CARTESIAN_POINT('',(0.,0.));
#2999 = VECTOR('',#3000,1.);
#3000 = DIRECTION('',(0.,-1.));
#3001 = ( GEOMETRIC_REPRESENTATION_CONTEXT(2) 
PARAMETRIC_REPRESENTATION_CONTEXT() REPRESENTATION_CONTEXT('2D SPACE',''
  ) );
#3002 = PCURVE('',#2897,#3003);
#3003 = DEFINITIONAL_REPRESENTATION('',(#3004),#3008);
#3004 = LINE('',#3005,#3006);
#3005 = CARTESIAN_POINT('',(6.427,0.));
#3006 = VECTOR('',#3007,1.);
#3007 = DIRECTION('',(0.,1.));
#3008 = ( GEOMETRIC_REPRESENTATION_CONTEXT(2) 
PARAMETRIC_REPRESENTATION_CONTEXT() REPRESENTATION_CONTEXT('2D SPACE',''
  ) );
#3009 = ORIENTED_EDGE('',*,*,#3010,.T.);
#3010 = EDGE_CURVE('',#2988,#2194,#3011,.T.);
#3011 = SURFACE_CURVE('',#3012,(#3016,#3023),.PCURVE_S1.);
#3012 = LINE('',#3013,#3014);
#3013 = CARTESIAN_POINT('',(0.,8.59,6.95));
#3014 = VECTOR('',#3015,1.);
#3015 = DIRECTION('',(0.,0.,1.));
#3016 = PCURVE('',#2235,#3017);
#3017 = DEFINITIONAL_REPRESENTATION('',(#3018),#3022);
#3018 = LINE('',#3019,#3020);
#3019 = CARTESIAN_POINT('',(-4.14,-4.51));
#3020 = VECTOR('',#3021,1.);
#3021 = DIRECTION('',(1.,0.));
#3022 = ( GEOMETRIC_REPRESENTATION_CONTEXT(2) 
PARAMETRIC_REPRESENTATION_CONTEXT() REPRESENTATION_CONTEXT('2D SPACE',''
  ) );
#3023 = PCURVE('',#2208,#3024);
#3024 = DEFINITIONAL_REPRESENTATION('',(#3025),#3029);
#3025 = LINE('',#3026,#3027);
#3026 = CARTESIAN_POINT('',(0.,0.));
#3027 = VECTOR('',#3028,1.);
#3028 = DIRECTION('',(1.,0.));
#3029 = ( GEOMETRIC_REPRESENTATION_CONTEXT(2) 
PARAMETRIC_REPRESENTATION_CONTEXT() REPRESENTATION_CONTEXT('2D SPACE',''
  ) );
#3030 = ADVANCED_FACE('',(#3031),#2208,.F.);
#3031 = FACE_BOUND('',#3032,.F.);
#3032 = EDGE_LOOP('',(#3033,#3061,#3089,#3115,#3116));
#3033 = ORIENTED_EDGE('',*,*,#3034,.F.);
#3034 = EDGE_CURVE('',#3035,#2171,#3037,.T.);
#3035 = VERTEX_POINT('',#3036);
#3036 = CARTESIAN_POINT('',(10.,8.59,6.95));
#3037 = SURFACE_CURVE('',#3038,(#3042,#3049),.PCURVE_S1.);
#3038 = LINE('',#3039,#3040);
#3039 = CARTESIAN_POINT('',(10.,8.59,6.95));
#3040 = VECTOR('',#3041,1.);
#3041 = DIRECTION('',(0.,0.,1.));
#3042 = PCURVE('',#2208,#3043);
#3043 = DEFINITIONAL_REPRESENTATION('',(#3044),#3048);
#3044 = LINE('',#3045,#3046);
#3045 = CARTESIAN_POINT('',(0.,10.));
#3046 = VECTOR('',#3047,1.);
#3047 = DIRECTION('',(1.,0.));
#3048 = ( GEOMETRIC_REPRESENTATION_CONTEXT(2) 
PARAMETRIC_REPRESENTATION_CONTEXT() REPRESENTATION_CONTEXT('2D SPACE',''
  ) );
#3049 = PCURVE('',#3050,#3055);
#3050 = PLANE('',#3051);
#3051 = AXIS2_PLACEMENT_3D('',#3052,#3053,#3054);
#3052 = CARTESIAN_POINT('',(10.,8.59,6.95));
#3053 = DIRECTION('',(1.,0.,-0.));
#3054 = DIRECTION('',(0.,0.,1.));
#3055 = DEFINITIONAL_REPRESENTATION('',(#3056),#3060);
#3056 = LINE('',#3057,#3058);
#3057 = CARTESIAN_POINT('',(0.,0.));
#3058 = VECTOR('',#3059,1.);
#3059 = DIRECTION('',(1.,0.));
#3060 = ( GEOMETRIC_REPRESENTATION_CONTEXT(2) 
PARAMETRIC_REPRESENTATION_CONTEXT() REPRESENTATION_CONTEXT('2D SPACE',''
  ) );
#3061 = ORIENTED_EDGE('',*,*,#3062,.F.);
#3062 = EDGE_CURVE('',#3063,#3035,#3065,.T.);
#3063 = VERTEX_POINT('',#3064);
#3064 = CARTESIAN_POINT('',(0.,8.59,6.95));
#3065 = SURFACE_CURVE('',#3066,(#3070,#3077),.PCURVE_S1.);
#3066 = LINE('',#3067,#3068);
#3067 = CARTESIAN_POINT('',(0.,8.59,6.95));
#3068 = VECTOR('',#3069,1.);
#3069 = DIRECTION('',(1.,0.,-0.));
#3070 = PCURVE('',#2208,#3071);
#3071 = DEFINITIONAL_REPRESENTATION('',(#3072),#3076);
#3072 = LINE('',#3073,#3074);
#3073 = CARTESIAN_POINT('',(0.,0.));
#3074 = VECTOR('',#3075,1.);
#3075 = DIRECTION('',(0.,1.));
#3076 = ( GEOMETRIC_REPRESENTATION_CONTEXT(2) 
PARAMETRIC_REPRESENTATION_CONTEXT() REPRESENTATION_CONTEXT('2D SPACE',''
  ) );
#3077 = PCURVE('',#3078,#3083);
#3078 = PLANE('',#3079);
#3079 = AXIS2_PLACEMENT_3D('',#3080,#3081,#3082);
#3080 = CARTESIAN_POINT('',(0.,8.59,6.95));
#3081 = DIRECTION('',(0.,0.,1.));
#3082 = DIRECTION('',(1.,0.,-0.));
#3083 = DEFINITIONAL_REPRESENTATION('',(#3084),#3088);
#3084 = LINE('',#3085,#3086);
#3085 = CARTESIAN_POINT('',(0.,0.));
#3086 = VECTOR('',#3087,1.);
#3087 = DIRECTION('',(1.,0.));
#3088 = ( GEOMETRIC_REPRESENTATION_CONTEXT(2) 
PARAMETRIC_REPRESENTATION_CONTEXT() REPRESENTATION_CONTEXT('2D SPACE',''
  ) );
#3089 = ORIENTED_EDGE('',*,*,#3090,.T.);
#3090 = EDGE_CURVE('',#3063,#2988,#3091,.T.);
#3091 = SURFACE_CURVE('',#3092,(#3096,#3103),.PCURVE_S1.);
#3092 = LINE('',#3093,#3094);
#3093 = CARTESIAN_POINT('',(0.,8.59,6.95));
#3094 = VECTOR('',#3095,1.);
#3095 = DIRECTION('',(0.,0.,1.));
#3096 = PCURVE('',#2208,#3097);
#3097 = DEFINITIONAL_REPRESENTATION('',(#3098),#3102);
#3098 = LINE('',#3099,#3100);
#3099 = CARTESIAN_POINT('',(0.,0.));
#3100 = VECTOR('',#3101,1.);
#3101 = DIRECTION('',(1.,0.));
#3102 = ( GEOMETRIC_REPRESENTATION_CONTEXT(2) 
PARAMETRIC_REPRESENTATION_CONTEXT() REPRESENTATION_CONTEXT('2D SPACE',''
  ) );
#3103 = PCURVE('',#3104,#3109);
#3104 = PLANE('',#3105);
#3105 = AXIS2_PLACEMENT_3D('',#3106,#3107,#3108);
#3106 = CARTESIAN_POINT('',(0.,8.59,6.95));
#3107 = DIRECTION('',(1.,0.,-0.));
#3108 = DIRECTION('',(0.,0.,1.));
#3109 = DEFINITIONAL_REPRESENTATION('',(#3110),#3114);
#3110 = LINE('',#3111,#3112);
#3111 = CARTESIAN_POINT('',(0.,0.));
#3112 = VECTOR('',#3113,1.);
#3113 = DIRECTION('',(1.,0.));
#3114 = ( GEOMETRIC_REPRESENTATION_CONTEXT(2) 
PARAMETRIC_REPRESENTATION_CONTEXT() REPRESENTATION_CONTEXT('2D SPACE',''
  ) );
#3115 = ORIENTED_EDGE('',*,*,#3010,.T.);
#3116 = ORIENTED_EDGE('',*,*,#2193,.T.);
#3117 = ADVANCED_FACE('',(#3118),#2403,.T.);
#3118 = FACE_BOUND('',#3119,.T.);
#3119 = EDGE_LOOP('',(#3120,#3121,#3144,#3165));
#3120 = ORIENTED_EDGE('',*,*,#2389,.F.);
#3121 = ORIENTED_EDGE('',*,*,#3122,.T.);
#3122 = EDGE_CURVE('',#2171,#3123,#3125,.T.);
#3123 = VERTEX_POINT('',#3124);
#3124 = CARTESIAN_POINT('',(10.,9.99,14.477));
#3125 = SURFACE_CURVE('',#3126,(#3130,#3137),.PCURVE_S1.);
#3126 = LINE('',#3127,#3128);
#3127 = CARTESIAN_POINT('',(10.,-9.99,14.477));
#3128 = VECTOR('',#3129,1.);
#3129 = DIRECTION('',(-0.,1.,0.));
#3130 = PCURVE('',#2403,#3131);
#3131 = DEFINITIONAL_REPRESENTATION('',(#3132),#3136);
#3132 = LINE('',#3133,#3134);
#3133 = CARTESIAN_POINT('',(7.527,18.58));
#3134 = VECTOR('',#3135,1.);
#3135 = DIRECTION('',(0.,-1.));
#3136 = ( GEOMETRIC_REPRESENTATION_CONTEXT(2) 
PARAMETRIC_REPRESENTATION_CONTEXT() REPRESENTATION_CONTEXT('2D SPACE',''
  ) );
#3137 = PCURVE('',#3050,#3138);
#3138 = DEFINITIONAL_REPRESENTATION('',(#3139),#3143);
#3139 = LINE('',#3140,#3141);
#3140 = CARTESIAN_POINT('',(7.527,18.58));
#3141 = VECTOR('',#3142,1.);
#3142 = DIRECTION('',(0.,-1.));
#3143 = ( GEOMETRIC_REPRESENTATION_CONTEXT(2) 
PARAMETRIC_REPRESENTATION_CONTEXT() REPRESENTATION_CONTEXT('2D SPACE',''
  ) );
#3144 = ORIENTED_EDGE('',*,*,#3145,.T.);
#3145 = EDGE_CURVE('',#3123,#2784,#3146,.T.);
#3146 = SURFACE_CURVE('',#3147,(#3151,#3158),.PCURVE_S1.);
#3147 = LINE('',#3148,#3149);
#3148 = CARTESIAN_POINT('',(10.,9.99,6.95));
#3149 = VECTOR('',#3150,1.);
#3150 = DIRECTION('',(0.,0.,1.));
#3151 = PCURVE('',#2403,#3152);
#3152 = DEFINITIONAL_REPRESENTATION('',(#3153),#3157);
#3153 = LINE('',#3154,#3155);
#3154 = CARTESIAN_POINT('',(0.,-1.4));
#3155 = VECTOR('',#3156,1.);
#3156 = DIRECTION('',(1.,0.));
#3157 = ( GEOMETRIC_REPRESENTATION_CONTEXT(2) 
PARAMETRIC_REPRESENTATION_CONTEXT() REPRESENTATION_CONTEXT('2D SPACE',''
  ) );
#3158 = PCURVE('',#2820,#3159);
#3159 = DEFINITIONAL_REPRESENTATION('',(#3160),#3164);
#3160 = LINE('',#3161,#3162);
#3161 = CARTESIAN_POINT('',(0.,10.));
#3162 = VECTOR('',#3163,1.);
#3163 = DIRECTION('',(1.,0.));
#3164 = ( GEOMETRIC_REPRESENTATION_CONTEXT(2) 
PARAMETRIC_REPRESENTATION_CONTEXT() REPRESENTATION_CONTEXT('2D SPACE',''
  ) );
#3165 = ORIENTED_EDGE('',*,*,#2783,.F.);
#3166 = ADVANCED_FACE('',(#3167),#2568,.T.);
#3167 = FACE_BOUND('',#3168,.T.);
#3168 = EDGE_LOOP('',(#3169,#3192,#3211,#3212));
#3169 = ORIENTED_EDGE('',*,*,#3170,.F.);
#3170 = EDGE_CURVE('',#3171,#2551,#3173,.T.);
#3171 = VERTEX_POINT('',#3172);
#3172 = CARTESIAN_POINT('',(-1.5,4.08,12.977));
#3173 = SURFACE_CURVE('',#3174,(#3178,#3185),.PCURVE_S1.);
#3174 = LINE('',#3175,#3176);
#3175 = CARTESIAN_POINT('',(-1.5,2.64,12.977));
#3176 = VECTOR('',#3177,1.);
#3177 = DIRECTION('',(-0.,1.,0.));
#3178 = PCURVE('',#2568,#3179);
#3179 = DEFINITIONAL_REPRESENTATION('',(#3180),#3184);
#3180 = LINE('',#3181,#3182);
#3181 = CARTESIAN_POINT('',(0.,0.));
#3182 = VECTOR('',#3183,1.);
#3183 = DIRECTION('',(0.,1.));
#3184 = ( GEOMETRIC_REPRESENTATION_CONTEXT(2) 
PARAMETRIC_REPRESENTATION_CONTEXT() REPRESENTATION_CONTEXT('2D SPACE',''
  ) );
#3185 = PCURVE('',#2596,#3186);
#3186 = DEFINITIONAL_REPRESENTATION('',(#3187),#3191);
#3187 = LINE('',#3188,#3189);
#3188 = CARTESIAN_POINT('',(0.,0.));
#3189 = VECTOR('',#3190,1.);
#3190 = DIRECTION('',(0.,-1.));
#3191 = ( GEOMETRIC_REPRESENTATION_CONTEXT(2) 
PARAMETRIC_REPRESENTATION_CONTEXT() REPRESENTATION_CONTEXT('2D SPACE',''
  ) );
#3192 = ORIENTED_EDGE('',*,*,#3193,.T.);
#3193 = EDGE_CURVE('',#3171,#2838,#3194,.T.);
#3194 = SURFACE_CURVE('',#3195,(#3199,#3205),.PCURVE_S1.);
#3195 = LINE('',#3196,#3197);
#3196 = CARTESIAN_POINT('',(-3.9635,4.08,12.977));
#3197 = VECTOR('',#3198,1.);
#3198 = DIRECTION('',(1.,0.,-0.));
#3199 = PCURVE('',#2568,#3200);
#3200 = DEFINITIONAL_REPRESENTATION('',(#3201),#3204);
#3201 = B_SPLINE_CURVE_WITH_KNOTS('',1,(#3202,#3203),.UNSPECIFIED.,.F.,
  .F.,(2,2),(2.4635,3.9635),.PIECEWISE_BEZIER_KNOTS.);
#3202 = CARTESIAN_POINT('',(0.,1.44));
#3203 = CARTESIAN_POINT('',(1.5,1.44));
#3204 = ( GEOMETRIC_REPRESENTATION_CONTEXT(2) 
PARAMETRIC_REPRESENTATION_CONTEXT() REPRESENTATION_CONTEXT('2D SPACE',''
  ) );
#3205 = PCURVE('',#2724,#3206);
#3206 = DEFINITIONAL_REPRESENTATION('',(#3207),#3210);
#3207 = B_SPLINE_CURVE_WITH_KNOTS('',1,(#3208,#3209),.UNSPECIFIED.,.F.,
  .F.,(2,2),(2.4635,3.9635),.PIECEWISE_BEZIER_KNOTS.);
#3208 = CARTESIAN_POINT('',(1.887,4.927));
#3209 = CARTESIAN_POINT('',(1.887,6.427));
#3210 = ( GEOMETRIC_REPRESENTATION_CONTEXT(2) 
PARAMETRIC_REPRESENTATION_CONTEXT() REPRESENTATION_CONTEXT('2D SPACE',''
  ) );
#3211 = ORIENTED_EDGE('',*,*,#2837,.F.);
#3212 = ORIENTED_EDGE('',*,*,#2550,.F.);
#3213 = ADVANCED_FACE('',(#3214),#2596,.T.);
#3214 = FACE_BOUND('',#3215,.T.);
#3215 = EDGE_LOOP('',(#3216,#3235,#3236,#3237));
#3216 = ORIENTED_EDGE('',*,*,#3217,.T.);
#3217 = EDGE_CURVE('',#2709,#3171,#3218,.T.);
#3218 = SURFACE_CURVE('',#3219,(#3223,#3229),.PCURVE_S1.);
#3219 = LINE('',#3220,#3221);
#3220 = CARTESIAN_POINT('',(-1.5,4.08,12.0335));
#3221 = VECTOR('',#3222,1.);
#3222 = DIRECTION('',(-0.,0.,-1.));
#3223 = PCURVE('',#2596,#3224);
#3224 = DEFINITIONAL_REPRESENTATION('',(#3225),#3228);
#3225 = B_SPLINE_CURVE_WITH_KNOTS('',1,(#3226,#3227),.UNSPECIFIED.,.F.,
  .F.,(2,2),(-4.3435,-0.9435),.PIECEWISE_BEZIER_KNOTS.);
#3226 = CARTESIAN_POINT('',(3.4,-1.44));
#3227 = CARTESIAN_POINT('',(0.,-1.44));
#3228 = ( GEOMETRIC_REPRESENTATION_CONTEXT(2) 
PARAMETRIC_REPRESENTATION_CONTEXT() REPRESENTATION_CONTEXT('2D SPACE',''
  ) );
#3229 = PCURVE('',#2724,#3230);
#3230 = DEFINITIONAL_REPRESENTATION('',(#3231),#3234);
#3231 = B_SPLINE_CURVE_WITH_KNOTS('',1,(#3232,#3233),.UNSPECIFIED.,.F.,
  .F.,(2,2),(-4.3435,-0.9435),.PIECEWISE_BEZIER_KNOTS.);
#3232 = CARTESIAN_POINT('',(5.287,4.927));
#3233 = CARTESIAN_POINT('',(1.887,4.927));
#3234 = ( GEOMETRIC_REPRESENTATION_CONTEXT(2) 
PARAMETRIC_REPRESENTATION_CONTEXT() REPRESENTATION_CONTEXT('2D SPACE',''
  ) );
#3235 = ORIENTED_EDGE('',*,*,#3170,.T.);
#3236 = ORIENTED_EDGE('',*,*,#2580,.T.);
#3237 = ORIENTED_EDGE('',*,*,#2736,.F.);
#3238 = ADVANCED_FACE('',(#3239),#2670,.T.);
#3239 = FACE_BOUND('',#3240,.T.);
#3240 = EDGE_LOOP('',(#3241,#3271,#3294,#3322,#3341,#3342));
#3241 = ORIENTED_EDGE('',*,*,#3242,.F.);
#3242 = EDGE_CURVE('',#3243,#3245,#3247,.T.);
#3243 = VERTEX_POINT('',#3244);
#3244 = CARTESIAN_POINT('',(0.,9.99,11.09));
#3245 = VERTEX_POINT('',#3246);
#3246 = CARTESIAN_POINT('',(0.,9.99,14.477));
#3247 = SURFACE_CURVE('',#3248,(#3252,#3259),.PCURVE_S1.);
#3248 = LINE('',#3249,#3250);
#3249 = CARTESIAN_POINT('',(0.,9.99,11.09));
#3250 = VECTOR('',#3251,1.);
#3251 = DIRECTION('',(0.,0.,1.));
#3252 = PCURVE('',#2670,#3253);
#3253 = DEFINITIONAL_REPRESENTATION('',(#3254),#3258);
#3254 = LINE('',#3255,#3256);
#3255 = CARTESIAN_POINT('',(0.,6.427));
#3256 = VECTOR('',#3257,1.);
#3257 = DIRECTION('',(1.,0.));
#3258 = ( GEOMETRIC_REPRESENTATION_CONTEXT(2) 
PARAMETRIC_REPRESENTATION_CONTEXT() REPRESENTATION_CONTEXT('2D SPACE',''
  ) );
#3259 = PCURVE('',#3260,#3265);
#3260 = PLANE('',#3261);
#3261 = AXIS2_PLACEMENT_3D('',#3262,#3263,#3264);
#3262 = CARTESIAN_POINT('',(0.,9.99,6.95));
#3263 = DIRECTION('',(-0.,1.,0.));
#3264 = DIRECTION('',(0.,0.,1.));
#3265 = DEFINITIONAL_REPRESENTATION('',(#3266),#3270);
#3266 = LINE('',#3267,#3268);
#3267 = CARTESIAN_POINT('',(4.14,0.));
#3268 = VECTOR('',#3269,1.);
#3269 = DIRECTION('',(1.,0.));
#3270 = ( GEOMETRIC_REPRESENTATION_CONTEXT(2) 
PARAMETRIC_REPRESENTATION_CONTEXT() REPRESENTATION_CONTEXT('2D SPACE',''
  ) );
#3271 = ORIENTED_EDGE('',*,*,#3272,.F.);
#3272 = EDGE_CURVE('',#3273,#3243,#3275,.T.);
#3273 = VERTEX_POINT('',#3274);
#3274 = CARTESIAN_POINT('',(-6.427,9.99,11.09));
#3275 = SURFACE_CURVE('',#3276,(#3280,#3287),.PCURVE_S1.);
#3276 = LINE('',#3277,#3278);
#3277 = CARTESIAN_POINT('',(-6.427,9.99,11.09));
#3278 = VECTOR('',#3279,1.);
#3279 = DIRECTION('',(1.,0.,-0.));
#3280 = PCURVE('',#2670,#3281);
#3281 = DEFINITIONAL_REPRESENTATION('',(#3282),#3286);
#3282 = LINE('',#3283,#3284);
#3283 = CARTESIAN_POINT('',(0.,0.));
#3284 = VECTOR('',#3285,1.);
#3285 = DIRECTION('',(0.,1.));
#3286 = ( GEOMETRIC_REPRESENTATION_CONTEXT(2) 
PARAMETRIC_REPRESENTATION_CONTEXT() REPRESENTATION_CONTEXT('2D SPACE',''
  ) );
#3287 = PCURVE('',#2897,#3288);
#3288 = DEFINITIONAL_REPRESENTATION('',(#3289),#3293);
#3289 = LINE('',#3290,#3291);
#3290 = CARTESIAN_POINT('',(0.,5.91));
#3291 = VECTOR('',#3292,1.);
#3292 = DIRECTION('',(1.,0.));
#3293 = ( GEOMETRIC_REPRESENTATION_CONTEXT(2) 
PARAMETRIC_REPRESENTATION_CONTEXT() REPRESENTATION_CONTEXT('2D SPACE',''
  ) );
#3294 = ORIENTED_EDGE('',*,*,#3295,.T.);
#3295 = EDGE_CURVE('',#3273,#3296,#3298,.T.);
#3296 = VERTEX_POINT('',#3297);
#3297 = CARTESIAN_POINT('',(-6.427,9.99,13.494));
#3298 = SURFACE_CURVE('',#3299,(#3303,#3310),.PCURVE_S1.);
#3299 = LINE('',#3300,#3301);
#3300 = CARTESIAN_POINT('',(-6.427,9.99,11.09));
#3301 = VECTOR('',#3302,1.);
#3302 = DIRECTION('',(0.,0.,1.));
#3303 = PCURVE('',#2670,#3304);
#3304 = DEFINITIONAL_REPRESENTATION('',(#3305),#3309);
#3305 = LINE('',#3306,#3307);
#3306 = CARTESIAN_POINT('',(0.,0.));
#3307 = VECTOR('',#3308,1.);
#3308 = DIRECTION('',(1.,0.));
#3309 = ( GEOMETRIC_REPRESENTATION_CONTEXT(2) 
PARAMETRIC_REPRESENTATION_CONTEXT() REPRESENTATION_CONTEXT('2D SPACE',''
  ) );
#3310 = PCURVE('',#3311,#3316);
#3311 = PLANE('',#3312);
#3312 = AXIS2_PLACEMENT_3D('',#3313,#3314,#3315);
#3313 = CARTESIAN_POINT('',(-6.427,4.08,11.09));
#3314 = DIRECTION('',(1.,0.,-0.));
#3315 = DIRECTION('',(0.,0.,1.));
#3316 = DEFINITIONAL_REPRESENTATION('',(#3317),#3321);
#3317 = LINE('',#3318,#3319);
#3318 = CARTESIAN_POINT('',(0.,-5.91));
#3319 = VECTOR('',#3320,1.);
#3320 = DIRECTION('',(1.,0.));
#3321 = ( GEOMETRIC_REPRESENTATION_CONTEXT(2) 
PARAMETRIC_REPRESENTATION_CONTEXT() REPRESENTATION_CONTEXT('2D SPACE',''
  ) );
#3322 = ORIENTED_EDGE('',*,*,#3323,.T.);
#3323 = EDGE_CURVE('',#3296,#2653,#3324,.T.);
#3324 = SURFACE_CURVE('',#3325,(#3329,#3335),.PCURVE_S1.);
#3325 = LINE('',#3326,#3327);
#3326 = CARTESIAN_POINT('',(-14.42110171779,9.99,5.499898282202));
#3327 = VECTOR('',#3328,1.);
#3328 = DIRECTION('',(0.707106781187,0.,0.707106781187));
#3329 = PCURVE('',#2670,#3330);
#3330 = DEFINITIONAL_REPRESENTATION('',(#3331),#3334);
#3331 = B_SPLINE_CURVE_WITH_KNOTS('',1,(#3332,#3333),.UNSPECIFIED.,.F.,
  .F.,(2,2),(11.3053670683,15.382544768622),.PIECEWISE_BEZIER_KNOTS.);
#3332 = CARTESIAN_POINT('',(2.404,0.));
#3333 = CARTESIAN_POINT('',(5.287,2.883));
#3334 = ( GEOMETRIC_REPRESENTATION_CONTEXT(2) 
PARAMETRIC_REPRESENTATION_CONTEXT() REPRESENTATION_CONTEXT('2D SPACE',''
  ) );
#3335 = PCURVE('',#2697,#3336);
#3336 = DEFINITIONAL_REPRESENTATION('',(#3337),#3340);
#3337 = B_SPLINE_CURVE_WITH_KNOTS('',1,(#3338,#3339),.UNSPECIFIED.,.F.,
  .F.,(2,2),(11.3053670683,15.382544768622),.PIECEWISE_BEZIER_KNOTS.);
#3338 = CARTESIAN_POINT('',(20.910849434628,39.99));
#3339 = CARTESIAN_POINT('',(24.98802713495,39.99));
#3340 = ( GEOMETRIC_REPRESENTATION_CONTEXT(2) 
PARAMETRIC_REPRESENTATION_CONTEXT() REPRESENTATION_CONTEXT('2D SPACE',''
  ) );
#3341 = ORIENTED_EDGE('',*,*,#2652,.T.);
#3342 = ORIENTED_EDGE('',*,*,#3343,.F.);
#3343 = EDGE_CURVE('',#3245,#2655,#3344,.T.);
#3344 = SURFACE_CURVE('',#3345,(#3349,#3356),.PCURVE_S1.);
#3345 = LINE('',#3346,#3347);
#3346 = CARTESIAN_POINT('',(0.,9.99,11.09));
#3347 = VECTOR('',#3348,1.);
#3348 = DIRECTION('',(0.,0.,1.));
#3349 = PCURVE('',#2670,#3350);
#3350 = DEFINITIONAL_REPRESENTATION('',(#3351),#3355);
#3351 = LINE('',#3352,#3353);
#3352 = CARTESIAN_POINT('',(0.,6.427));
#3353 = VECTOR('',#3354,1.);
#3354 = DIRECTION('',(1.,0.));
#3355 = ( GEOMETRIC_REPRESENTATION_CONTEXT(2) 
PARAMETRIC_REPRESENTATION_CONTEXT() REPRESENTATION_CONTEXT('2D SPACE',''
  ) );
#3356 = PCURVE('',#2820,#3357);
#3357 = DEFINITIONAL_REPRESENTATION('',(#3358),#3362);
#3358 = LINE('',#3359,#3360);
#3359 = CARTESIAN_POINT('',(4.14,0.));
#3360 = VECTOR('',#3361,1.);
#3361 = DIRECTION('',(1.,0.));
#3362 = ( GEOMETRIC_REPRESENTATION_CONTEXT(2) 
PARAMETRIC_REPRESENTATION_CONTEXT() REPRESENTATION_CONTEXT('2D SPACE',''
  ) );
#3363 = ADVANCED_FACE('',(#3364),#2724,.F.);
#3364 = FACE_BOUND('',#3365,.F.);
#3365 = EDGE_LOOP('',(#3366,#3367,#3390,#3413,#3432,#3433,#3434));
#3366 = ORIENTED_EDGE('',*,*,#2858,.F.);
#3367 = ORIENTED_EDGE('',*,*,#3368,.F.);
#3368 = EDGE_CURVE('',#3369,#2859,#3371,.T.);
#3369 = VERTEX_POINT('',#3370);
#3370 = CARTESIAN_POINT('',(-6.427,4.08,11.09));
#3371 = SURFACE_CURVE('',#3372,(#3376,#3383),.PCURVE_S1.);
#3372 = LINE('',#3373,#3374);
#3373 = CARTESIAN_POINT('',(-6.427,4.08,11.09));
#3374 = VECTOR('',#3375,1.);
#3375 = DIRECTION('',(1.,0.,-0.));
#3376 = PCURVE('',#2724,#3377);
#3377 = DEFINITIONAL_REPRESENTATION('',(#3378),#3382);
#3378 = LINE('',#3379,#3380);
#3379 = CARTESIAN_POINT('',(0.,0.));
#3380 = VECTOR('',#3381,1.);
#3381 = DIRECTION('',(0.,1.));
#3382 = ( GEOMETRIC_REPRESENTATION_CONTEXT(2) 
PARAMETRIC_REPRESENTATION_CONTEXT() REPRESENTATION_CONTEXT('2D SPACE',''
  ) );
#3383 = PCURVE('',#2897,#3384);
#3384 = DEFINITIONAL_REPRESENTATION('',(#3385),#3389);
#3385 = LINE('',#3386,#3387);
#3386 = CARTESIAN_POINT('',(0.,0.));
#3387 = VECTOR('',#3388,1.);
#3388 = DIRECTION('',(1.,0.));
#3389 = ( GEOMETRIC_REPRESENTATION_CONTEXT(2) 
PARAMETRIC_REPRESENTATION_CONTEXT() REPRESENTATION_CONTEXT('2D SPACE',''
  ) );
#3390 = ORIENTED_EDGE('',*,*,#3391,.T.);
#3391 = EDGE_CURVE('',#3369,#3392,#3394,.T.);
#3392 = VERTEX_POINT('',#3393);
#3393 = CARTESIAN_POINT('',(-6.427,4.08,13.494));
#3394 = SURFACE_CURVE('',#3395,(#3399,#3406),.PCURVE_S1.);
#3395 = LINE('',#3396,#3397);
#3396 = CARTESIAN_POINT('',(-6.427,4.08,11.09));
#3397 = VECTOR('',#3398,1.);
#3398 = DIRECTION('',(0.,0.,1.));
#3399 = PCURVE('',#2724,#3400);
#3400 = DEFINITIONAL_REPRESENTATION('',(#3401),#3405);
#3401 = LINE('',#3402,#3403);
#3402 = CARTESIAN_POINT('',(0.,0.));
#3403 = VECTOR('',#3404,1.);
#3404 = DIRECTION('',(1.,0.));
#3405 = ( GEOMETRIC_REPRESENTATION_CONTEXT(2) 
PARAMETRIC_REPRESENTATION_CONTEXT() REPRESENTATION_CONTEXT('2D SPACE',''
  ) );
#3406 = PCURVE('',#3311,#3407);
#3407 = DEFINITIONAL_REPRESENTATION('',(#3408),#3412);
#3408 = LINE('',#3409,#3410);
#3409 = CARTESIAN_POINT('',(0.,0.));
#3410 = VECTOR('',#3411,1.);
#3411 = DIRECTION('',(1.,0.));
#3412 = ( GEOMETRIC_REPRESENTATION_CONTEXT(2) 
PARAMETRIC_REPRESENTATION_CONTEXT() REPRESENTATION_CONTEXT('2D SPACE',''
  ) );
#3413 = ORIENTED_EDGE('',*,*,#3414,.T.);
#3414 = EDGE_CURVE('',#3392,#2683,#3415,.T.);
#3415 = SURFACE_CURVE('',#3416,(#3420,#3426),.PCURVE_S1.);
#3416 = LINE('',#3417,#3418);
#3417 = CARTESIAN_POINT('',(-14.42110171779,4.08,5.499898282202));
#3418 = VECTOR('',#3419,1.);
#3419 = DIRECTION('',(0.707106781187,0.,0.707106781187));
#3420 = PCURVE('',#2724,#3421);
#3421 = DEFINITIONAL_REPRESENTATION('',(#3422),#3425);
#3422 = B_SPLINE_CURVE_WITH_KNOTS('',1,(#3423,#3424),.UNSPECIFIED.,.F.,
  .F.,(2,2),(11.3053670683,15.382544768622),.PIECEWISE_BEZIER_KNOTS.);
#3423 = CARTESIAN_POINT('',(2.404,0.));
#3424 = CARTESIAN_POINT('',(5.287,2.883));
#3425 = ( GEOMETRIC_REPRESENTATION_CONTEXT(2) 
PARAMETRIC_REPRESENTATION_CONTEXT() REPRESENTATION_CONTEXT('2D SPACE',''
  ) );
#3426 = PCURVE('',#2697,#3427);
#3427 = DEFINITIONAL_REPRESENTATION('',(#3428),#3431);
#3428 = B_SPLINE_CURVE_WITH_KNOTS('',1,(#3429,#3430),.UNSPECIFIED.,.F.,
  .F.,(2,2),(11.3053670683,15.382544768622),.PIECEWISE_BEZIER_KNOTS.);
#3429 = CARTESIAN_POINT('',(20.910849434628,34.08));
#3430 = CARTESIAN_POINT('',(24.98802713495,34.08));
#3431 = ( GEOMETRIC_REPRESENTATION_CONTEXT(2) 
PARAMETRIC_REPRESENTATION_CONTEXT() REPRESENTATION_CONTEXT('2D SPACE',''
  ) );
#3432 = ORIENTED_EDGE('',*,*,#2708,.T.);
#3433 = ORIENTED_EDGE('',*,*,#3217,.T.);
#3434 = ORIENTED_EDGE('',*,*,#3193,.T.);
#3435 = ADVANCED_FACE('',(#3436,#3460),#2697,.T.);
#3436 = FACE_BOUND('',#3437,.T.);
#3437 = EDGE_LOOP('',(#3438,#3439,#3440,#3459));
#3438 = ORIENTED_EDGE('',*,*,#2682,.F.);
#3439 = ORIENTED_EDGE('',*,*,#3323,.F.);
#3440 = ORIENTED_EDGE('',*,*,#3441,.T.);
#3441 = EDGE_CURVE('',#3296,#3392,#3442,.T.);
#3442 = SURFACE_CURVE('',#3443,(#3447,#3453),.PCURVE_S1.);
#3443 = LINE('',#3444,#3445);
#3444 = CARTESIAN_POINT('',(-6.427,-12.96,13.494));
#3445 = VECTOR('',#3446,1.);
#3446 = DIRECTION('',(0.,-1.,0.));
#3447 = PCURVE('',#2697,#3448);
#3448 = DEFINITIONAL_REPRESENTATION('',(#3449),#3452);
#3449 = B_SPLINE_CURVE_WITH_KNOTS('',1,(#3450,#3451),.UNSPECIFIED.,.F.,
  .F.,(2,2),(-22.95,-17.04),.PIECEWISE_BEZIER_KNOTS.);
#3450 = CARTESIAN_POINT('',(20.910849434628,39.99));
#3451 = CARTESIAN_POINT('',(20.910849434628,34.08));
#3452 = ( GEOMETRIC_REPRESENTATION_CONTEXT(2) 
PARAMETRIC_REPRESENTATION_CONTEXT() REPRESENTATION_CONTEXT('2D SPACE',''
  ) );
#3453 = PCURVE('',#3311,#3454);
#3454 = DEFINITIONAL_REPRESENTATION('',(#3455),#3458);
#3455 = B_SPLINE_CURVE_WITH_KNOTS('',1,(#3456,#3457),.UNSPECIFIED.,.F.,
  .F.,(2,2),(-22.95,-17.04),.PIECEWISE_BEZIER_KNOTS.);
#3456 = CARTESIAN_POINT('',(2.404,-5.91));
#3457 = CARTESIAN_POINT('',(2.404,0.));
#3458 = ( GEOMETRIC_REPRESENTATION_CONTEXT(2) 
PARAMETRIC_REPRESENTATION_CONTEXT() REPRESENTATION_CONTEXT('2D SPACE',''
  ) );
#3459 = ORIENTED_EDGE('',*,*,#3414,.T.);
#3460 = FACE_BOUND('',#3461,.T.);
#3461 = EDGE_LOOP('',(#3462));
#3462 = ORIENTED_EDGE('',*,*,#3463,.F.);
#3463 = EDGE_CURVE('',#3464,#3464,#3466,.T.);
#3464 = VERTEX_POINT('',#3465);
#3465 = CARTESIAN_POINT('',(-3.980124099468,6.48,15.940875900532));
#3466 = SURFACE_CURVE('',#3467,(#3472,#3479),.PCURVE_S1.);
#3467 = CIRCLE('',#3468,1.46);
#3468 = AXIS2_PLACEMENT_3D('',#3469,#3470,#3471);
#3469 = CARTESIAN_POINT('',(-5.0125,6.48,14.9085));
#3470 = DIRECTION('',(-0.707106781187,0.,0.707106781187));
#3471 = DIRECTION('',(0.707106781187,0.,0.707106781187));
#3472 = PCURVE('',#2697,#3473);
#3473 = DEFINITIONAL_REPRESENTATION('',(#3474),#3478);
#3474 = CIRCLE('',#3475,1.46);
#3475 = AXIS2_PLACEMENT_2D('',#3476,#3477);
#3476 = CARTESIAN_POINT('',(22.911254518605,36.48));
#3477 = DIRECTION('',(1.,0.));
#3478 = ( GEOMETRIC_REPRESENTATION_CONTEXT(2) 
PARAMETRIC_REPRESENTATION_CONTEXT() REPRESENTATION_CONTEXT('2D SPACE',''
  ) );
#3479 = PCURVE('',#3480,#3485);
#3480 = CYLINDRICAL_SURFACE('',#3481,1.46);
#3481 = AXIS2_PLACEMENT_3D('',#3482,#3483,#3484);
#3482 = CARTESIAN_POINT('',(-3.598213562373,6.48,13.494213562373));
#3483 = DIRECTION('',(-0.707106781187,0.,0.707106781187));
#3484 = DIRECTION('',(0.707106781187,0.,0.707106781187));
#3485 = DEFINITIONAL_REPRESENTATION('',(#3486),#3490);
#3486 = LINE('',#3487,#3488);
#3487 = CARTESIAN_POINT('',(0.,2.000103061172));
#3488 = VECTOR('',#3489,1.);
#3489 = DIRECTION('',(1.,0.));
#3490 = ( GEOMETRIC_REPRESENTATION_CONTEXT(2) 
PARAMETRIC_REPRESENTATION_CONTEXT() REPRESENTATION_CONTEXT('2D SPACE',''
  ) );
#3491 = ADVANCED_FACE('',(#3492),#2820,.T.);
#3492 = FACE_BOUND('',#3493,.T.);
#3493 = EDGE_LOOP('',(#3494,#3495,#3516,#3517));
#3494 = ORIENTED_EDGE('',*,*,#3145,.F.);
#3495 = ORIENTED_EDGE('',*,*,#3496,.F.);
#3496 = EDGE_CURVE('',#3245,#3123,#3497,.T.);
#3497 = SURFACE_CURVE('',#3498,(#3502,#3509),.PCURVE_S1.);
#3498 = LINE('',#3499,#3500);
#3499 = CARTESIAN_POINT('',(0.,9.99,14.477));
#3500 = VECTOR('',#3501,1.);
#3501 = DIRECTION('',(1.,0.,-0.));
#3502 = PCURVE('',#2820,#3503);
#3503 = DEFINITIONAL_REPRESENTATION('',(#3504),#3508);
#3504 = LINE('',#3505,#3506);
#3505 = CARTESIAN_POINT('',(7.527,0.));
#3506 = VECTOR('',#3507,1.);
#3507 = DIRECTION('',(0.,1.));
#3508 = ( GEOMETRIC_REPRESENTATION_CONTEXT(2) 
PARAMETRIC_REPRESENTATION_CONTEXT() REPRESENTATION_CONTEXT('2D SPACE',''
  ) );
#3509 = PCURVE('',#3260,#3510);
#3510 = DEFINITIONAL_REPRESENTATION('',(#3511),#3515);
#3511 = LINE('',#3512,#3513);
#3512 = CARTESIAN_POINT('',(7.527,0.));
#3513 = VECTOR('',#3514,1.);
#3514 = DIRECTION('',(0.,1.));
#3515 = ( GEOMETRIC_REPRESENTATION_CONTEXT(2) 
PARAMETRIC_REPRESENTATION_CONTEXT() REPRESENTATION_CONTEXT('2D SPACE',''
  ) );
#3516 = ORIENTED_EDGE('',*,*,#3343,.T.);
#3517 = ORIENTED_EDGE('',*,*,#2806,.T.);
#3518 = ADVANCED_FACE('',(#3519),#2897,.F.);
#3519 = FACE_BOUND('',#3520,.F.);
#3520 = EDGE_LOOP('',(#3521,#3542,#3543,#3564,#3565,#3566,#3587,#3613,
    #3655,#3681,#3700));
#3521 = ORIENTED_EDGE('',*,*,#3522,.T.);
#3522 = EDGE_CURVE('',#2988,#3243,#3523,.T.);
#3523 = SURFACE_CURVE('',#3524,(#3528,#3535),.PCURVE_S1.);
#3524 = LINE('',#3525,#3526);
#3525 = CARTESIAN_POINT('',(0.,4.08,11.09));
#3526 = VECTOR('',#3527,1.);
#3527 = DIRECTION('',(-0.,1.,0.));
#3528 = PCURVE('',#2897,#3529);
#3529 = DEFINITIONAL_REPRESENTATION('',(#3530),#3534);
#3530 = LINE('',#3531,#3532);
#3531 = CARTESIAN_POINT('',(6.427,0.));
#3532 = VECTOR('',#3533,1.);
#3533 = DIRECTION('',(0.,1.));
#3534 = ( GEOMETRIC_REPRESENTATION_CONTEXT(2) 
PARAMETRIC_REPRESENTATION_CONTEXT() REPRESENTATION_CONTEXT('2D SPACE',''
  ) );
#3535 = PCURVE('',#3104,#3536);
#3536 = DEFINITIONAL_REPRESENTATION('',(#3537),#3541);
#3537 = LINE('',#3538,#3539);
#3538 = CARTESIAN_POINT('',(4.14,4.51));
#3539 = VECTOR('',#3540,1.);
#3540 = DIRECTION('',(0.,-1.));
#3541 = ( GEOMETRIC_REPRESENTATION_CONTEXT(2) 
PARAMETRIC_REPRESENTATION_CONTEXT() REPRESENTATION_CONTEXT('2D SPACE',''
  ) );
#3542 = ORIENTED_EDGE('',*,*,#3272,.F.);
#3543 = ORIENTED_EDGE('',*,*,#3544,.F.);
#3544 = EDGE_CURVE('',#3369,#3273,#3545,.T.);
#3545 = SURFACE_CURVE('',#3546,(#3550,#3557),.PCURVE_S1.);
#3546 = LINE('',#3547,#3548);
#3547 = CARTESIAN_POINT('',(-6.427,4.08,11.09));
#3548 = VECTOR('',#3549,1.);
#3549 = DIRECTION('',(-0.,1.,0.));
#3550 = PCURVE('',#2897,#3551);
#3551 = DEFINITIONAL_REPRESENTATION('',(#3552),#3556);
#3552 = LINE('',#3553,#3554);
#3553 = CARTESIAN_POINT('',(0.,0.));
#3554 = VECTOR('',#3555,1.);
#3555 = DIRECTION('',(0.,1.));
#3556 = ( GEOMETRIC_REPRESENTATION_CONTEXT(2) 
PARAMETRIC_REPRESENTATION_CONTEXT() REPRESENTATION_CONTEXT('2D SPACE',''
  ) );
#3557 = PCURVE('',#3311,#3558);
#3558 = DEFINITIONAL_REPRESENTATION('',(#3559),#3563);
#3559 = LINE('',#3560,#3561);
#3560 = CARTESIAN_POINT('',(0.,0.));
#3561 = VECTOR('',#3562,1.);
#3562 = DIRECTION('',(0.,-1.));
#3563 = ( GEOMETRIC_REPRESENTATION_CONTEXT(2) 
PARAMETRIC_REPRESENTATION_CONTEXT() REPRESENTATION_CONTEXT('2D SPACE',''
  ) );
#3564 = ORIENTED_EDGE('',*,*,#3368,.T.);
#3565 = ORIENTED_EDGE('',*,*,#2881,.T.);
#3566 = ORIENTED_EDGE('',*,*,#3567,.T.);
#3567 = EDGE_CURVE('',#2882,#3568,#3570,.T.);
#3568 = VERTEX_POINT('',#3569);
#3569 = CARTESIAN_POINT('',(-3.365,4.83,11.09));
#3570 = SURFACE_CURVE('',#3571,(#3575,#3581),.PCURVE_S1.);
#3571 = LINE('',#3572,#3573);
#3572 = CARTESIAN_POINT('',(-4.896,4.83,11.09));
#3573 = VECTOR('',#3574,1.);
#3574 = DIRECTION('',(-1.,-0.,0.));
#3575 = PCURVE('',#2897,#3576);
#3576 = DEFINITIONAL_REPRESENTATION('',(#3577),#3580);
#3577 = B_SPLINE_CURVE_WITH_KNOTS('',1,(#3578,#3579),.UNSPECIFIED.,.F.,
  .F.,(2,2),(-4.896,-1.531),.PIECEWISE_BEZIER_KNOTS.);
#3578 = CARTESIAN_POINT('',(6.427,0.75));
#3579 = CARTESIAN_POINT('',(3.062,0.75));
#3580 = ( GEOMETRIC_REPRESENTATION_CONTEXT(2) 
PARAMETRIC_REPRESENTATION_CONTEXT() REPRESENTATION_CONTEXT('2D SPACE',''
  ) );
#3581 = PCURVE('',#2924,#3582);
#3582 = DEFINITIONAL_REPRESENTATION('',(#3583),#3586);
#3583 = B_SPLINE_CURVE_WITH_KNOTS('',1,(#3584,#3585),.UNSPECIFIED.,.F.,
  .F.,(2,2),(-4.896,-1.531),.PIECEWISE_BEZIER_KNOTS.);
#3584 = CARTESIAN_POINT('',(1.5,3.365));
#3585 = CARTESIAN_POINT('',(1.5,0.));
#3586 = ( GEOMETRIC_REPRESENTATION_CONTEXT(2) 
PARAMETRIC_REPRESENTATION_CONTEXT() REPRESENTATION_CONTEXT('2D SPACE',''
  ) );
#3587 = ORIENTED_EDGE('',*,*,#3588,.T.);
#3588 = EDGE_CURVE('',#3568,#3589,#3591,.T.);
#3589 = VERTEX_POINT('',#3590);
#3590 = CARTESIAN_POINT('',(-3.365,6.02902383655,11.09));
#3591 = SURFACE_CURVE('',#3592,(#3596,#3602),.PCURVE_S1.);
#3592 = LINE('',#3593,#3594);
#3593 = CARTESIAN_POINT('',(-3.365,4.455,11.09));
#3594 = VECTOR('',#3595,1.);
#3595 = DIRECTION('',(-0.,1.,0.));
#3596 = PCURVE('',#2897,#3597);
#3597 = DEFINITIONAL_REPRESENTATION('',(#3598),#3601);
#3598 = B_SPLINE_CURVE_WITH_KNOTS('',1,(#3599,#3600),.UNSPECIFIED.,.F.,
  .F.,(2,2),(0.375,3.675),.PIECEWISE_BEZIER_KNOTS.);
#3599 = CARTESIAN_POINT('',(3.062,0.75));
#3600 = CARTESIAN_POINT('',(3.062,4.05));
#3601 = ( GEOMETRIC_REPRESENTATION_CONTEXT(2) 
PARAMETRIC_REPRESENTATION_CONTEXT() REPRESENTATION_CONTEXT('2D SPACE',''
  ) );
#3602 = PCURVE('',#3603,#3608);
#3603 = PLANE('',#3604);
#3604 = AXIS2_PLACEMENT_3D('',#3605,#3606,#3607);
#3605 = CARTESIAN_POINT('',(-3.365,4.83,9.59));
#3606 = DIRECTION('',(1.,0.,-0.));
#3607 = DIRECTION('',(0.,0.,1.));
#3608 = DEFINITIONAL_REPRESENTATION('',(#3609),#3612);
#3609 = B_SPLINE_CURVE_WITH_KNOTS('',1,(#3610,#3611),.UNSPECIFIED.,.F.,
  .F.,(2,2),(0.375,3.675),.PIECEWISE_BEZIER_KNOTS.);
#3610 = CARTESIAN_POINT('',(1.5,0.));
#3611 = CARTESIAN_POINT('',(1.5,-3.3));
#3612 = ( GEOMETRIC_REPRESENTATION_CONTEXT(2) 
PARAMETRIC_REPRESENTATION_CONTEXT() REPRESENTATION_CONTEXT('2D SPACE',''
  ) );
#3613 = ORIENTED_EDGE('',*,*,#3614,.F.);
#3614 = EDGE_CURVE('',#3615,#3589,#3617,.T.);
#3615 = VERTEX_POINT('',#3616);
#3616 = CARTESIAN_POINT('',(-3.365,6.93097616345,11.09));
#3617 = SURFACE_CURVE('',#3618,(#3623,#3630),.PCURVE_S1.);
#3618 = ELLIPSE('',#3619,2.262741699797,1.6);
#3619 = AXIS2_PLACEMENT_3D('',#3620,#3621,#3622);
#3620 = CARTESIAN_POINT('',(-1.194,6.48,11.09));
#3621 = DIRECTION('',(0.,0.,1.));
#3622 = DIRECTION('',(-1.,0.,0.));
#3623 = PCURVE('',#2897,#3624);
#3624 = DEFINITIONAL_REPRESENTATION('',(#3625),#3629);
#3625 = ELLIPSE('',#3626,2.262741699797,1.6);
#3626 = AXIS2_PLACEMENT_2D('',#3627,#3628);
#3627 = CARTESIAN_POINT('',(5.233,2.4));
#3628 = DIRECTION('',(-1.,0.));
#3629 = ( GEOMETRIC_REPRESENTATION_CONTEXT(2) 
PARAMETRIC_REPRESENTATION_CONTEXT() REPRESENTATION_CONTEXT('2D SPACE',''
  ) );
#3630 = PCURVE('',#3631,#3636);
#3631 = CYLINDRICAL_SURFACE('',#3632,1.6);
#3632 = AXIS2_PLACEMENT_3D('',#3633,#3634,#3635);
#3633 = CARTESIAN_POINT('',(-1.12333982822,6.48,11.01933982822));
#3634 = DIRECTION('',(-0.707106781187,0.,0.707106781187));
#3635 = DIRECTION('',(0.707106781187,0.,0.707106781187));
#3636 = DEFINITIONAL_REPRESENTATION('',(#3637),#3654);
#3637 = B_SPLINE_CURVE_WITH_KNOTS('',8,(#3638,#3639,#3640,#3641,#3642,
    #3643,#3644,#3645,#3646,#3647,#3648,#3649,#3650,#3651,#3652,#3653),
  .UNSPECIFIED.,.F.,.F.,(9,7,9),(4.649892571958,6.28318530718,
    7.916478042402),.UNSPECIFIED.);
#3638 = CARTESIAN_POINT('',(1.508299918368,-5.999999999062E-07));
#3639 = CARTESIAN_POINT('',(1.71246151027,0.326020223003));
#3640 = CARTESIAN_POINT('',(1.916623102173,0.656801433059));
#3641 = CARTESIAN_POINT('',(2.120784694072,0.971634700301));
#3642 = CARTESIAN_POINT('',(2.324946285984,1.249393800617));
#3643 = CARTESIAN_POINT('',(2.529107877877,1.471273855313));
#3644 = CARTESIAN_POINT('',(2.733269469784,1.623710041647));
#3645 = CARTESIAN_POINT('',(2.937431061687,1.699928573251));
#3646 = CARTESIAN_POINT('',(3.345754245493,1.699928573251));
#3647 = CARTESIAN_POINT('',(3.549915837392,1.623710041648));
#3648 = CARTESIAN_POINT('',(3.754077429299,1.471273855314));
#3649 = CARTESIAN_POINT('',(3.958239021209,1.249393800626));
#3650 = CARTESIAN_POINT('',(4.162400613108,0.971634700298));
#3651 = CARTESIAN_POINT('',(4.366562205004,0.65680143306));
#3652 = CARTESIAN_POINT('',(4.570723796909,0.326020223003));
#3653 = CARTESIAN_POINT('',(4.774885388812,-5.999999981299E-07));
#3654 = ( GEOMETRIC_REPRESENTATION_CONTEXT(2) 
PARAMETRIC_REPRESENTATION_CONTEXT() REPRESENTATION_CONTEXT('2D SPACE',''
  ) );
#3655 = ORIENTED_EDGE('',*,*,#3656,.T.);
#3656 = EDGE_CURVE('',#3615,#3657,#3659,.T.);
#3657 = VERTEX_POINT('',#3658);
#3658 = CARTESIAN_POINT('',(-3.365,8.13,11.09));
#3659 = SURFACE_CURVE('',#3660,(#3664,#3670),.PCURVE_S1.);
#3660 = LINE('',#3661,#3662);
#3661 = CARTESIAN_POINT('',(-3.365,4.455,11.09));
#3662 = VECTOR('',#3663,1.);
#3663 = DIRECTION('',(-0.,1.,0.));
#3664 = PCURVE('',#2897,#3665);
#3665 = DEFINITIONAL_REPRESENTATION('',(#3666),#3669);
#3666 = B_SPLINE_CURVE_WITH_KNOTS('',1,(#3667,#3668),.UNSPECIFIED.,.F.,
  .F.,(2,2),(0.375,3.675),.PIECEWISE_BEZIER_KNOTS.);
#3667 = CARTESIAN_POINT('',(3.062,0.75));
#3668 = CARTESIAN_POINT('',(3.062,4.05));
#3669 = ( GEOMETRIC_REPRESENTATION_CONTEXT(2) 
PARAMETRIC_REPRESENTATION_CONTEXT() REPRESENTATION_CONTEXT('2D SPACE',''
  ) );
#3670 = PCURVE('',#3671,#3676);
#3671 = PLANE('',#3672);
#3672 = AXIS2_PLACEMENT_3D('',#3673,#3674,#3675);
#3673 = CARTESIAN_POINT('',(-3.365,4.83,9.59));
#3674 = DIRECTION('',(1.,0.,-0.));
#3675 = DIRECTION('',(0.,0.,1.));
#3676 = DEFINITIONAL_REPRESENTATION('',(#3677),#3680);
#3677 = B_SPLINE_CURVE_WITH_KNOTS('',1,(#3678,#3679),.UNSPECIFIED.,.F.,
  .F.,(2,2),(0.375,3.675),.PIECEWISE_BEZIER_KNOTS.);
#3678 = CARTESIAN_POINT('',(1.5,0.));
#3679 = CARTESIAN_POINT('',(1.5,-3.3));
#3680 = ( GEOMETRIC_REPRESENTATION_CONTEXT(2) 
PARAMETRIC_REPRESENTATION_CONTEXT() REPRESENTATION_CONTEXT('2D SPACE',''
  ) );
#3681 = ORIENTED_EDGE('',*,*,#3682,.F.);
#3682 = EDGE_CURVE('',#2962,#3657,#3683,.T.);
#3683 = SURFACE_CURVE('',#3684,(#3688,#3694),.PCURVE_S1.);
#3684 = LINE('',#3685,#3686);
#3685 = CARTESIAN_POINT('',(-4.896,8.13,11.09));
#3686 = VECTOR('',#3687,1.);
#3687 = DIRECTION('',(-1.,-0.,0.));
#3688 = PCURVE('',#2897,#3689);
#3689 = DEFINITIONAL_REPRESENTATION('',(#3690),#3693);
#3690 = B_SPLINE_CURVE_WITH_KNOTS('',1,(#3691,#3692),.UNSPECIFIED.,.F.,
  .F.,(2,2),(-4.896,-1.531),.PIECEWISE_BEZIER_KNOTS.);
#3691 = CARTESIAN_POINT('',(6.427,4.05));
#3692 = CARTESIAN_POINT('',(3.062,4.05));
#3693 = ( GEOMETRIC_REPRESENTATION_CONTEXT(2) 
PARAMETRIC_REPRESENTATION_CONTEXT() REPRESENTATION_CONTEXT('2D SPACE',''
  ) );
#3694 = PCURVE('',#2976,#3695);
#3695 = DEFINITIONAL_REPRESENTATION('',(#3696),#3699);
#3696 = B_SPLINE_CURVE_WITH_KNOTS('',1,(#3697,#3698),.UNSPECIFIED.,.F.,
  .F.,(2,2),(-4.896,-1.531),.PIECEWISE_BEZIER_KNOTS.);
#3697 = CARTESIAN_POINT('',(1.5,3.365));
#3698 = CARTESIAN_POINT('',(1.5,0.));
#3699 = ( GEOMETRIC_REPRESENTATION_CONTEXT(2) 
PARAMETRIC_REPRESENTATION_CONTEXT() REPRESENTATION_CONTEXT('2D SPACE',''
  ) );
#3700 = ORIENTED_EDGE('',*,*,#2987,.T.);
#3701 = ADVANCED_FACE('',(#3702),#2976,.F.);
#3702 = FACE_BOUND('',#3703,.F.);
#3703 = EDGE_LOOP('',(#3704,#3705,#3728,#3749));
#3704 = ORIENTED_EDGE('',*,*,#3682,.T.);
#3705 = ORIENTED_EDGE('',*,*,#3706,.T.);
#3706 = EDGE_CURVE('',#3657,#3707,#3709,.T.);
#3707 = VERTEX_POINT('',#3708);
#3708 = CARTESIAN_POINT('',(-3.365,8.13,13.354));
#3709 = SURFACE_CURVE('',#3710,(#3714,#3721),.PCURVE_S1.);
#3710 = LINE('',#3711,#3712);
#3711 = CARTESIAN_POINT('',(-3.365,8.13,9.59));
#3712 = VECTOR('',#3713,1.);
#3713 = DIRECTION('',(0.,0.,1.));
#3714 = PCURVE('',#2976,#3715);
#3715 = DEFINITIONAL_REPRESENTATION('',(#3716),#3720);
#3716 = LINE('',#3717,#3718);
#3717 = CARTESIAN_POINT('',(0.,0.));
#3718 = VECTOR('',#3719,1.);
#3719 = DIRECTION('',(1.,0.));
#3720 = ( GEOMETRIC_REPRESENTATION_CONTEXT(2) 
PARAMETRIC_REPRESENTATION_CONTEXT() REPRESENTATION_CONTEXT('2D SPACE',''
  ) );
#3721 = PCURVE('',#3671,#3722);
#3722 = DEFINITIONAL_REPRESENTATION('',(#3723),#3727);
#3723 = LINE('',#3724,#3725);
#3724 = CARTESIAN_POINT('',(0.,-3.3));
#3725 = VECTOR('',#3726,1.);
#3726 = DIRECTION('',(1.,0.));
#3727 = ( GEOMETRIC_REPRESENTATION_CONTEXT(2) 
PARAMETRIC_REPRESENTATION_CONTEXT() REPRESENTATION_CONTEXT('2D SPACE',''
  ) );
#3728 = ORIENTED_EDGE('',*,*,#3729,.T.);
#3729 = EDGE_CURVE('',#3707,#2936,#3730,.T.);
#3730 = SURFACE_CURVE('',#3731,(#3735,#3742),.PCURVE_S1.);
#3731 = LINE('',#3732,#3733);
#3732 = CARTESIAN_POINT('',(-3.365,8.13,13.354));
#3733 = VECTOR('',#3734,1.);
#3734 = DIRECTION('',(1.,0.,-0.));
#3735 = PCURVE('',#2976,#3736);
#3736 = DEFINITIONAL_REPRESENTATION('',(#3737),#3741);
#3737 = LINE('',#3738,#3739);
#3738 = CARTESIAN_POINT('',(3.764,0.));
#3739 = VECTOR('',#3740,1.);
#3740 = DIRECTION('',(0.,1.));
#3741 = ( GEOMETRIC_REPRESENTATION_CONTEXT(2) 
PARAMETRIC_REPRESENTATION_CONTEXT() REPRESENTATION_CONTEXT('2D SPACE',''
  ) );
#3742 = PCURVE('',#2950,#3743);
#3743 = DEFINITIONAL_REPRESENTATION('',(#3744),#3748);
#3744 = LINE('',#3745,#3746);
#3745 = CARTESIAN_POINT('',(0.,3.3));
#3746 = VECTOR('',#3747,1.);
#3747 = DIRECTION('',(1.,0.));
#3748 = ( GEOMETRIC_REPRESENTATION_CONTEXT(2) 
PARAMETRIC_REPRESENTATION_CONTEXT() REPRESENTATION_CONTEXT('2D SPACE',''
  ) );
#3749 = ORIENTED_EDGE('',*,*,#2961,.F.);
#3750 = ADVANCED_FACE('',(#3751),#2950,.F.);
#3751 = FACE_BOUND('',#3752,.F.);
#3752 = EDGE_LOOP('',(#3753,#3754,#3777,#3807,#3837,#3860,#3881));
#3753 = ORIENTED_EDGE('',*,*,#3729,.F.);
#3754 = ORIENTED_EDGE('',*,*,#3755,.F.);
#3755 = EDGE_CURVE('',#3756,#3707,#3758,.T.);
#3756 = VERTEX_POINT('',#3757);
#3757 = CARTESIAN_POINT('',(-3.365,8.078648022549,13.354));
#3758 = SURFACE_CURVE('',#3759,(#3763,#3770),.PCURVE_S1.);
#3759 = LINE('',#3760,#3761);
#3760 = CARTESIAN_POINT('',(-3.365,4.83,13.354));
#3761 = VECTOR('',#3762,1.);
#3762 = DIRECTION('',(-0.,1.,0.));
#3763 = PCURVE('',#2950,#3764);
#3764 = DEFINITIONAL_REPRESENTATION('',(#3765),#3769);
#3765 = LINE('',#3766,#3767);
#3766 = CARTESIAN_POINT('',(0.,0.));
#3767 = VECTOR('',#3768,1.);
#3768 = DIRECTION('',(0.,1.));
#3769 = ( GEOMETRIC_REPRESENTATION_CONTEXT(2) 
PARAMETRIC_REPRESENTATION_CONTEXT() REPRESENTATION_CONTEXT('2D SPACE',''
  ) );
#3770 = PCURVE('',#3671,#3771);
#3771 = DEFINITIONAL_REPRESENTATION('',(#3772),#3776);
#3772 = LINE('',#3773,#3774);
#3773 = CARTESIAN_POINT('',(3.764,0.));
#3774 = VECTOR('',#3775,1.);
#3775 = DIRECTION('',(0.,-1.));
#3776 = ( GEOMETRIC_REPRESENTATION_CONTEXT(2) 
PARAMETRIC_REPRESENTATION_CONTEXT() REPRESENTATION_CONTEXT('2D SPACE',''
  ) );
#3777 = ORIENTED_EDGE('',*,*,#3778,.F.);
#3778 = EDGE_CURVE('',#3779,#3756,#3781,.T.);
#3779 = VERTEX_POINT('',#3780);
#3780 = CARTESIAN_POINT('',(-1.195258300203,6.48,13.354));
#3781 = SURFACE_CURVE('',#3782,(#3787,#3794),.PCURVE_S1.);
#3782 = ELLIPSE('',#3783,2.262741699797,1.6);
#3783 = AXIS2_PLACEMENT_3D('',#3784,#3785,#3786);
#3784 = CARTESIAN_POINT('',(-3.458,6.48,13.354));
#3785 = DIRECTION('',(0.,0.,1.));
#3786 = DIRECTION('',(-1.,0.,0.));
#3787 = PCURVE('',#2950,#3788);
#3788 = DEFINITIONAL_REPRESENTATION('',(#3789),#3793);
#3789 = ELLIPSE('',#3790,2.262741699797,1.6);
#3790 = AXIS2_PLACEMENT_2D('',#3791,#3792);
#3791 = CARTESIAN_POINT('',(-9.3E-02,1.65));
#3792 = DIRECTION('',(-1.,0.));
#3793 = ( GEOMETRIC_REPRESENTATION_CONTEXT(2) 
PARAMETRIC_REPRESENTATION_CONTEXT() REPRESENTATION_CONTEXT('2D SPACE',''
  ) );
#3794 = PCURVE('',#3631,#3795);
#3795 = DEFINITIONAL_REPRESENTATION('',(#3796),#3806);
#3796 = B_SPLINE_CURVE_WITH_KNOTS('',8,(#3797,#3798,#3799,#3800,#3801,
    #3802,#3803,#3804,#3805),.UNSPECIFIED.,.F.,.F.,(9,9),(3.14159265359,
    4.820210585563),.PIECEWISE_BEZIER_KNOTS.);
#3797 = CARTESIAN_POINT('',(0.,1.701708078463));
#3798 = CARTESIAN_POINT('',(0.209827241497,1.701708078463));
#3799 = CARTESIAN_POINT('',(0.419654482993,1.78221558312));
#3800 = CARTESIAN_POINT('',(0.629481724488,1.943229447131));
#3801 = CARTESIAN_POINT('',(0.839308965988,2.177192790183));
#3802 = CARTESIAN_POINT('',(1.04913620748,2.468969307103));
#3803 = CARTESIAN_POINT('',(1.25896344898,2.797676814064));
#3804 = CARTESIAN_POINT('',(1.468790690477,3.140114580478));
#3805 = CARTESIAN_POINT('',(1.678617931973,3.473888579682));
#3806 = ( GEOMETRIC_REPRESENTATION_CONTEXT(2) 
PARAMETRIC_REPRESENTATION_CONTEXT() REPRESENTATION_CONTEXT('2D SPACE',''
  ) );
#3807 = ORIENTED_EDGE('',*,*,#3808,.F.);
#3808 = EDGE_CURVE('',#3809,#3779,#3811,.T.);
#3809 = VERTEX_POINT('',#3810);
#3810 = CARTESIAN_POINT('',(-3.365,4.881351977451,13.354));
#3811 = SURFACE_CURVE('',#3812,(#3817,#3824),.PCURVE_S1.);
#3812 = ELLIPSE('',#3813,2.262741699797,1.6);
#3813 = AXIS2_PLACEMENT_3D('',#3814,#3815,#3816);
#3814 = CARTESIAN_POINT('',(-3.458,6.48,13.354));
#3815 = DIRECTION('',(0.,0.,1.));
#3816 = DIRECTION('',(-1.,0.,0.));
#3817 = PCURVE('',#2950,#3818);
#3818 = DEFINITIONAL_REPRESENTATION('',(#3819),#3823);
#3819 = ELLIPSE('',#3820,2.262741699797,1.6);
#3820 = AXIS2_PLACEMENT_2D('',#3821,#3822);
#3821 = CARTESIAN_POINT('',(-9.3E-02,1.65));
#3822 = DIRECTION('',(-1.,0.));
#3823 = ( GEOMETRIC_REPRESENTATION_CONTEXT(2) 
PARAMETRIC_REPRESENTATION_CONTEXT() REPRESENTATION_CONTEXT('2D SPACE',''
  ) );
#3824 = PCURVE('',#3631,#3825);
#3825 = DEFINITIONAL_REPRESENTATION('',(#3826),#3836);
#3826 = B_SPLINE_CURVE_WITH_KNOTS('',8,(#3827,#3828,#3829,#3830,#3831,
    #3832,#3833,#3834,#3835),.UNSPECIFIED.,.F.,.F.,(9,9),(1.462974721617
    ,3.14159265359),.PIECEWISE_BEZIER_KNOTS.);
#3827 = CARTESIAN_POINT('',(4.604567375206,3.473888579682));
#3828 = CARTESIAN_POINT('',(4.814394616703,3.140114580478));
#3829 = CARTESIAN_POINT('',(5.0242218582,2.797676814062));
#3830 = CARTESIAN_POINT('',(5.234049099696,2.468969307099));
#3831 = CARTESIAN_POINT('',(5.4438763412,2.177192790188));
#3832 = CARTESIAN_POINT('',(5.653703582688,1.943229447126));
#3833 = CARTESIAN_POINT('',(5.863530824186,1.782215583121));
#3834 = CARTESIAN_POINT('',(6.073358065683,1.701708078463));
#3835 = CARTESIAN_POINT('',(6.28318530718,1.701708078463));
#3836 = ( GEOMETRIC_REPRESENTATION_CONTEXT(2) 
PARAMETRIC_REPRESENTATION_CONTEXT() REPRESENTATION_CONTEXT('2D SPACE',''
  ) );
#3837 = ORIENTED_EDGE('',*,*,#3838,.F.);
#3838 = EDGE_CURVE('',#3839,#3809,#3841,.T.);
#3839 = VERTEX_POINT('',#3840);
#3840 = CARTESIAN_POINT('',(-3.365,4.83,13.354));
#3841 = SURFACE_CURVE('',#3842,(#3846,#3853),.PCURVE_S1.);
#3842 = LINE('',#3843,#3844);
#3843 = CARTESIAN_POINT('',(-3.365,4.83,13.354));
#3844 = VECTOR('',#3845,1.);
#3845 = DIRECTION('',(-0.,1.,0.));
#3846 = PCURVE('',#2950,#3847);
#3847 = DEFINITIONAL_REPRESENTATION('',(#3848),#3852);
#3848 = LINE('',#3849,#3850);
#3849 = CARTESIAN_POINT('',(0.,0.));
#3850 = VECTOR('',#3851,1.);
#3851 = DIRECTION('',(0.,1.));
#3852 = ( GEOMETRIC_REPRESENTATION_CONTEXT(2) 
PARAMETRIC_REPRESENTATION_CONTEXT() REPRESENTATION_CONTEXT('2D SPACE',''
  ) );
#3853 = PCURVE('',#3603,#3854);
#3854 = DEFINITIONAL_REPRESENTATION('',(#3855),#3859);
#3855 = LINE('',#3856,#3857);
#3856 = CARTESIAN_POINT('',(3.764,0.));
#3857 = VECTOR('',#3858,1.);
#3858 = DIRECTION('',(0.,-1.));
#3859 = ( GEOMETRIC_REPRESENTATION_CONTEXT(2) 
PARAMETRIC_REPRESENTATION_CONTEXT() REPRESENTATION_CONTEXT('2D SPACE',''
  ) );
#3860 = ORIENTED_EDGE('',*,*,#3861,.T.);
#3861 = EDGE_CURVE('',#3839,#2910,#3862,.T.);
#3862 = SURFACE_CURVE('',#3863,(#3867,#3874),.PCURVE_S1.);
#3863 = LINE('',#3864,#3865);
#3864 = CARTESIAN_POINT('',(-3.365,4.83,13.354));
#3865 = VECTOR('',#3866,1.);
#3866 = DIRECTION('',(1.,0.,-0.));
#3867 = PCURVE('',#2950,#3868);
#3868 = DEFINITIONAL_REPRESENTATION('',(#3869),#3873);
#3869 = LINE('',#3870,#3871);
#3870 = CARTESIAN_POINT('',(0.,0.));
#3871 = VECTOR('',#3872,1.);
#3872 = DIRECTION('',(1.,0.));
#3873 = ( GEOMETRIC_REPRESENTATION_CONTEXT(2) 
PARAMETRIC_REPRESENTATION_CONTEXT() REPRESENTATION_CONTEXT('2D SPACE',''
  ) );
#3874 = PCURVE('',#2924,#3875);
#3875 = DEFINITIONAL_REPRESENTATION('',(#3876),#3880);
#3876 = LINE('',#3877,#3878);
#3877 = CARTESIAN_POINT('',(3.764,0.));
#3878 = VECTOR('',#3879,1.);
#3879 = DIRECTION('',(0.,1.));
#3880 = ( GEOMETRIC_REPRESENTATION_CONTEXT(2) 
PARAMETRIC_REPRESENTATION_CONTEXT() REPRESENTATION_CONTEXT('2D SPACE',''
  ) );
#3881 = ORIENTED_EDGE('',*,*,#2935,.F.);
#3882 = ADVANCED_FACE('',(#3883),#2924,.T.);
#3883 = FACE_BOUND('',#3884,.T.);
#3884 = EDGE_LOOP('',(#3885,#3886,#3907,#3908));
#3885 = ORIENTED_EDGE('',*,*,#3567,.T.);
#3886 = ORIENTED_EDGE('',*,*,#3887,.T.);
#3887 = EDGE_CURVE('',#3568,#3839,#3888,.T.);
#3888 = SURFACE_CURVE('',#3889,(#3893,#3900),.PCURVE_S1.);
#3889 = LINE('',#3890,#3891);
#3890 = CARTESIAN_POINT('',(-3.365,4.83,9.59));
#3891 = VECTOR('',#3892,1.);
#3892 = DIRECTION('',(0.,0.,1.));
#3893 = PCURVE('',#2924,#3894);
#3894 = DEFINITIONAL_REPRESENTATION('',(#3895),#3899);
#3895 = LINE('',#3896,#3897);
#3896 = CARTESIAN_POINT('',(0.,0.));
#3897 = VECTOR('',#3898,1.);
#3898 = DIRECTION('',(1.,0.));
#3899 = ( GEOMETRIC_REPRESENTATION_CONTEXT(2) 
PARAMETRIC_REPRESENTATION_CONTEXT() REPRESENTATION_CONTEXT('2D SPACE',''
  ) );
#3900 = PCURVE('',#3603,#3901);
#3901 = DEFINITIONAL_REPRESENTATION('',(#3902),#3906);
#3902 = LINE('',#3903,#3904);
#3903 = CARTESIAN_POINT('',(0.,0.));
#3904 = VECTOR('',#3905,1.);
#3905 = DIRECTION('',(1.,0.));
#3906 = ( GEOMETRIC_REPRESENTATION_CONTEXT(2) 
PARAMETRIC_REPRESENTATION_CONTEXT() REPRESENTATION_CONTEXT('2D SPACE',''
  ) );
#3907 = ORIENTED_EDGE('',*,*,#3861,.T.);
#3908 = ORIENTED_EDGE('',*,*,#2909,.F.);
#3909 = ADVANCED_FACE('',(#3910),#3050,.T.);
#3910 = FACE_BOUND('',#3911,.T.);
#3911 = EDGE_LOOP('',(#3912,#3913,#3936,#3957));
#3912 = ORIENTED_EDGE('',*,*,#3034,.F.);
#3913 = ORIENTED_EDGE('',*,*,#3914,.T.);
#3914 = EDGE_CURVE('',#3035,#3915,#3917,.T.);
#3915 = VERTEX_POINT('',#3916);
#3916 = CARTESIAN_POINT('',(10.,9.99,6.95));
#3917 = SURFACE_CURVE('',#3918,(#3922,#3929),.PCURVE_S1.);
#3918 = LINE('',#3919,#3920);
#3919 = CARTESIAN_POINT('',(10.,8.59,6.95));
#3920 = VECTOR('',#3921,1.);
#3921 = DIRECTION('',(-0.,1.,0.));
#3922 = PCURVE('',#3050,#3923);
#3923 = DEFINITIONAL_REPRESENTATION('',(#3924),#3928);
#3924 = LINE('',#3925,#3926);
#3925 = CARTESIAN_POINT('',(0.,0.));
#3926 = VECTOR('',#3927,1.);
#3927 = DIRECTION('',(0.,-1.));
#3928 = ( GEOMETRIC_REPRESENTATION_CONTEXT(2) 
PARAMETRIC_REPRESENTATION_CONTEXT() REPRESENTATION_CONTEXT('2D SPACE',''
  ) );
#3929 = PCURVE('',#3078,#3930);
#3930 = DEFINITIONAL_REPRESENTATION('',(#3931),#3935);
#3931 = LINE('',#3932,#3933);
#3932 = CARTESIAN_POINT('',(10.,0.));
#3933 = VECTOR('',#3934,1.);
#3934 = DIRECTION('',(0.,1.));
#3935 = ( GEOMETRIC_REPRESENTATION_CONTEXT(2) 
PARAMETRIC_REPRESENTATION_CONTEXT() REPRESENTATION_CONTEXT('2D SPACE',''
  ) );
#3936 = ORIENTED_EDGE('',*,*,#3937,.T.);
#3937 = EDGE_CURVE('',#3915,#3123,#3938,.T.);
#3938 = SURFACE_CURVE('',#3939,(#3943,#3950),.PCURVE_S1.);
#3939 = LINE('',#3940,#3941);
#3940 = CARTESIAN_POINT('',(10.,9.99,6.95));
#3941 = VECTOR('',#3942,1.);
#3942 = DIRECTION('',(0.,0.,1.));
#3943 = PCURVE('',#3050,#3944);
#3944 = DEFINITIONAL_REPRESENTATION('',(#3945),#3949);
#3945 = LINE('',#3946,#3947);
#3946 = CARTESIAN_POINT('',(0.,-1.4));
#3947 = VECTOR('',#3948,1.);
#3948 = DIRECTION('',(1.,0.));
#3949 = ( GEOMETRIC_REPRESENTATION_CONTEXT(2) 
PARAMETRIC_REPRESENTATION_CONTEXT() REPRESENTATION_CONTEXT('2D SPACE',''
  ) );
#3950 = PCURVE('',#3260,#3951);
#3951 = DEFINITIONAL_REPRESENTATION('',(#3952),#3956);
#3952 = LINE('',#3953,#3954);
#3953 = CARTESIAN_POINT('',(0.,10.));
#3954 = VECTOR('',#3955,1.);
#3955 = DIRECTION('',(1.,0.));
#3956 = ( GEOMETRIC_REPRESENTATION_CONTEXT(2) 
PARAMETRIC_REPRESENTATION_CONTEXT() REPRESENTATION_CONTEXT('2D SPACE',''
  ) );
#3957 = ORIENTED_EDGE('',*,*,#3122,.F.);
#3958 = ADVANCED_FACE('',(#3959),#3104,.F.);
#3959 = FACE_BOUND('',#3960,.F.);
#3960 = EDGE_LOOP('',(#3961,#3962,#3985,#4006));
#3961 = ORIENTED_EDGE('',*,*,#3090,.F.);
#3962 = ORIENTED_EDGE('',*,*,#3963,.T.);
#3963 = EDGE_CURVE('',#3063,#3964,#3966,.T.);
#3964 = VERTEX_POINT('',#3965);
#3965 = CARTESIAN_POINT('',(0.,9.99,6.95));
#3966 = SURFACE_CURVE('',#3967,(#3971,#3978),.PCURVE_S1.);
#3967 = LINE('',#3968,#3969);
#3968 = CARTESIAN_POINT('',(0.,8.59,6.95));
#3969 = VECTOR('',#3970,1.);
#3970 = DIRECTION('',(-0.,1.,0.));
#3971 = PCURVE('',#3104,#3972);
#3972 = DEFINITIONAL_REPRESENTATION('',(#3973),#3977);
#3973 = LINE('',#3974,#3975);
#3974 = CARTESIAN_POINT('',(0.,0.));
#3975 = VECTOR('',#3976,1.);
#3976 = DIRECTION('',(0.,-1.));
#3977 = ( GEOMETRIC_REPRESENTATION_CONTEXT(2) 
PARAMETRIC_REPRESENTATION_CONTEXT() REPRESENTATION_CONTEXT('2D SPACE',''
  ) );
#3978 = PCURVE('',#3078,#3979);
#3979 = DEFINITIONAL_REPRESENTATION('',(#3980),#3984);
#3980 = LINE('',#3981,#3982);
#3981 = CARTESIAN_POINT('',(0.,0.));
#3982 = VECTOR('',#3983,1.);
#3983 = DIRECTION('',(0.,1.));
#3984 = ( GEOMETRIC_REPRESENTATION_CONTEXT(2) 
PARAMETRIC_REPRESENTATION_CONTEXT() REPRESENTATION_CONTEXT('2D SPACE',''
  ) );
#3985 = ORIENTED_EDGE('',*,*,#3986,.T.);
#3986 = EDGE_CURVE('',#3964,#3243,#3987,.T.);
#3987 = SURFACE_CURVE('',#3988,(#3992,#3999),.PCURVE_S1.);
#3988 = LINE('',#3989,#3990);
#3989 = CARTESIAN_POINT('',(0.,9.99,6.95));
#3990 = VECTOR('',#3991,1.);
#3991 = DIRECTION('',(0.,0.,1.));
#3992 = PCURVE('',#3104,#3993);
#3993 = DEFINITIONAL_REPRESENTATION('',(#3994),#3998);
#3994 = LINE('',#3995,#3996);
#3995 = CARTESIAN_POINT('',(0.,-1.4));
#3996 = VECTOR('',#3997,1.);
#3997 = DIRECTION('',(1.,0.));
#3998 = ( GEOMETRIC_REPRESENTATION_CONTEXT(2) 
PARAMETRIC_REPRESENTATION_CONTEXT() REPRESENTATION_CONTEXT('2D SPACE',''
  ) );
#3999 = PCURVE('',#3260,#4000);
#4000 = DEFINITIONAL_REPRESENTATION('',(#4001),#4005);
#4001 = LINE('',#4002,#4003);
#4002 = CARTESIAN_POINT('',(0.,0.));
#4003 = VECTOR('',#4004,1.);
#4004 = DIRECTION('',(1.,0.));
#4005 = ( GEOMETRIC_REPRESENTATION_CONTEXT(2) 
PARAMETRIC_REPRESENTATION_CONTEXT() REPRESENTATION_CONTEXT('2D SPACE',''
  ) );
#4006 = ORIENTED_EDGE('',*,*,#3522,.F.);
#4007 = ADVANCED_FACE('',(#4008),#3078,.F.);
#4008 = FACE_BOUND('',#4009,.F.);
#4009 = EDGE_LOOP('',(#4010,#4011,#4012,#4013));
#4010 = ORIENTED_EDGE('',*,*,#3963,.F.);
#4011 = ORIENTED_EDGE('',*,*,#3062,.T.);
#4012 = ORIENTED_EDGE('',*,*,#3914,.T.);
#4013 = ORIENTED_EDGE('',*,*,#4014,.F.);
#4014 = EDGE_CURVE('',#3964,#3915,#4015,.T.);
#4015 = SURFACE_CURVE('',#4016,(#4020,#4027),.PCURVE_S1.);
#4016 = LINE('',#4017,#4018);
#4017 = CARTESIAN_POINT('',(0.,9.99,6.95));
#4018 = VECTOR('',#4019,1.);
#4019 = DIRECTION('',(1.,0.,-0.));
#4020 = PCURVE('',#3078,#4021);
#4021 = DEFINITIONAL_REPRESENTATION('',(#4022),#4026);
#4022 = LINE('',#4023,#4024);
#4023 = CARTESIAN_POINT('',(0.,1.4));
#4024 = VECTOR('',#4025,1.);
#4025 = DIRECTION('',(1.,0.));
#4026 = ( GEOMETRIC_REPRESENTATION_CONTEXT(2) 
PARAMETRIC_REPRESENTATION_CONTEXT() REPRESENTATION_CONTEXT('2D SPACE',''
  ) );
#4027 = PCURVE('',#3260,#4028);
#4028 = DEFINITIONAL_REPRESENTATION('',(#4029),#4033);
#4029 = LINE('',#4030,#4031);
#4030 = CARTESIAN_POINT('',(0.,0.));
#4031 = VECTOR('',#4032,1.);
#4032 = DIRECTION('',(0.,1.));
#4033 = ( GEOMETRIC_REPRESENTATION_CONTEXT(2) 
PARAMETRIC_REPRESENTATION_CONTEXT() REPRESENTATION_CONTEXT('2D SPACE',''
  ) );
#4034 = ADVANCED_FACE('',(#4035),#3260,.T.);
#4035 = FACE_BOUND('',#4036,.T.);
#4036 = EDGE_LOOP('',(#4037,#4038,#4039,#4040,#4041));
#4037 = ORIENTED_EDGE('',*,*,#3937,.F.);
#4038 = ORIENTED_EDGE('',*,*,#4014,.F.);
#4039 = ORIENTED_EDGE('',*,*,#3986,.T.);
#4040 = ORIENTED_EDGE('',*,*,#3242,.T.);
#4041 = ORIENTED_EDGE('',*,*,#3496,.T.);
#4042 = ADVANCED_FACE('',(#4043),#3311,.F.);
#4043 = FACE_BOUND('',#4044,.F.);
#4044 = EDGE_LOOP('',(#4045,#4046,#4047,#4048));
#4045 = ORIENTED_EDGE('',*,*,#3391,.F.);
#4046 = ORIENTED_EDGE('',*,*,#3544,.T.);
#4047 = ORIENTED_EDGE('',*,*,#3295,.T.);
#4048 = ORIENTED_EDGE('',*,*,#3441,.T.);
#4049 = ADVANCED_FACE('',(#4050),#3480,.F.);
#4050 = FACE_BOUND('',#4051,.F.);
#4051 = EDGE_LOOP('',(#4052,#4053,#4076,#4103));
#4052 = ORIENTED_EDGE('',*,*,#3463,.F.);
#4053 = ORIENTED_EDGE('',*,*,#4054,.F.);
#4054 = EDGE_CURVE('',#4055,#3464,#4057,.T.);
#4055 = VERTEX_POINT('',#4056);
#4056 = CARTESIAN_POINT('',(-2.565837661841,6.48,14.526589462905));
#4057 = SEAM_CURVE('',#4058,(#4062,#4069),.PCURVE_S1.);
#4058 = LINE('',#4059,#4060);
#4059 = CARTESIAN_POINT('',(-2.565837661841,6.48,14.526589462905));
#4060 = VECTOR('',#4061,1.);
#4061 = DIRECTION('',(-0.707106781187,0.,0.707106781187));
#4062 = PCURVE('',#3480,#4063);
#4063 = DEFINITIONAL_REPRESENTATION('',(#4064),#4068);
#4064 = LINE('',#4065,#4066);
#4065 = CARTESIAN_POINT('',(6.28318530718,-0.));
#4066 = VECTOR('',#4067,1.);
#4067 = DIRECTION('',(0.,1.));
#4068 = ( GEOMETRIC_REPRESENTATION_CONTEXT(2) 
PARAMETRIC_REPRESENTATION_CONTEXT() REPRESENTATION_CONTEXT('2D SPACE',''
  ) );
#4069 = PCURVE('',#3480,#4070);
#4070 = DEFINITIONAL_REPRESENTATION('',(#4071),#4075);
#4071 = LINE('',#4072,#4073);
#4072 = CARTESIAN_POINT('',(0.,-0.));
#4073 = VECTOR('',#4074,1.);
#4074 = DIRECTION('',(0.,1.));
#4075 = ( GEOMETRIC_REPRESENTATION_CONTEXT(2) 
PARAMETRIC_REPRESENTATION_CONTEXT() REPRESENTATION_CONTEXT('2D SPACE',''
  ) );
#4076 = ORIENTED_EDGE('',*,*,#4077,.T.);
#4077 = EDGE_CURVE('',#4055,#4055,#4078,.T.);
#4078 = SURFACE_CURVE('',#4079,(#4084,#4091),.PCURVE_S1.);
#4079 = CIRCLE('',#4080,1.46);
#4080 = AXIS2_PLACEMENT_3D('',#4081,#4082,#4083);
#4081 = CARTESIAN_POINT('',(-3.598213562373,6.48,13.494213562373));
#4082 = DIRECTION('',(-0.707106781187,0.,0.707106781187));
#4083 = DIRECTION('',(0.707106781187,0.,0.707106781187));
#4084 = PCURVE('',#3480,#4085);
#4085 = DEFINITIONAL_REPRESENTATION('',(#4086),#4090);
#4086 = LINE('',#4087,#4088);
#4087 = CARTESIAN_POINT('',(0.,0.));
#4088 = VECTOR('',#4089,1.);
#4089 = DIRECTION('',(1.,0.));
#4090 = ( GEOMETRIC_REPRESENTATION_CONTEXT(2) 
PARAMETRIC_REPRESENTATION_CONTEXT() REPRESENTATION_CONTEXT('2D SPACE',''
  ) );
#4091 = PCURVE('',#4092,#4097);
#4092 = PLANE('',#4093);
#4093 = AXIS2_PLACEMENT_3D('',#4094,#4095,#4096);
#4094 = CARTESIAN_POINT('',(-3.598213562373,6.48,13.494213562373));
#4095 = DIRECTION('',(-0.707106781187,0.,0.707106781187));
#4096 = DIRECTION('',(0.707106781187,0.,0.707106781187));
#4097 = DEFINITIONAL_REPRESENTATION('',(#4098),#4102);
#4098 = CIRCLE('',#4099,1.46);
#4099 = AXIS2_PLACEMENT_2D('',#4100,#4101);
#4100 = CARTESIAN_POINT('',(0.,0.));
#4101 = DIRECTION('',(1.,0.));
#4102 = ( GEOMETRIC_REPRESENTATION_CONTEXT(2) 
PARAMETRIC_REPRESENTATION_CONTEXT() REPRESENTATION_CONTEXT('2D SPACE',''
  ) );
#4103 = ORIENTED_EDGE('',*,*,#4054,.T.);
#4104 = ADVANCED_FACE('',(#4105),#3671,.T.);
#4105 = FACE_BOUND('',#4106,.T.);
#4106 = EDGE_LOOP('',(#4107,#4142,#4143,#4144));
#4107 = ORIENTED_EDGE('',*,*,#4108,.F.);
#4108 = EDGE_CURVE('',#3615,#3756,#4109,.T.);
#4109 = SURFACE_CURVE('',#4110,(#4115,#4122),.PCURVE_S1.);
#4110 = ELLIPSE('',#4111,2.262741699797,1.6);
#4111 = AXIS2_PLACEMENT_3D('',#4112,#4113,#4114);
#4112 = CARTESIAN_POINT('',(-3.365,6.48,13.261));
#4113 = DIRECTION('',(1.,0.,-0.));
#4114 = DIRECTION('',(0.,0.,1.));
#4115 = PCURVE('',#3671,#4116);
#4116 = DEFINITIONAL_REPRESENTATION('',(#4117),#4121);
#4117 = ELLIPSE('',#4118,2.262741699797,1.6);
#4118 = AXIS2_PLACEMENT_2D('',#4119,#4120);
#4119 = CARTESIAN_POINT('',(3.671,-1.65));
#4120 = DIRECTION('',(1.,0.));
#4121 = ( GEOMETRIC_REPRESENTATION_CONTEXT(2) 
PARAMETRIC_REPRESENTATION_CONTEXT() REPRESENTATION_CONTEXT('2D SPACE',''
  ) );
#4122 = PCURVE('',#3631,#4123);
#4123 = DEFINITIONAL_REPRESENTATION('',(#4124),#4141);
#4124 = B_SPLINE_CURVE_WITH_KNOTS('',8,(#4125,#4126,#4127,#4128,#4129,
    #4130,#4131,#4132,#4133,#4134,#4135,#4136,#4137,#4138,#4139,#4140),
  .UNSPECIFIED.,.F.,.F.,(9,7,9),(1.429167124212,3.14159265359,
    4.854018182967),.UNSPECIFIED.);
#4125 = CARTESIAN_POINT('',(4.854018182967,3.396036123074));
#4126 = CARTESIAN_POINT('',(4.639964991795,3.056980204754));
#4127 = CARTESIAN_POINT('',(4.425911800623,2.706097640446));
#4128 = CARTESIAN_POINT('',(4.211858609448,2.367062580232));
#4129 = CARTESIAN_POINT('',(3.99780541825,2.064696654312));
#4130 = CARTESIAN_POINT('',(3.7837522271,1.821533968464));
#4131 = CARTESIAN_POINT('',(3.569699035934,1.653969264585));
#4132 = CARTESIAN_POINT('',(3.355645844762,1.570186217163));
#4133 = CARTESIAN_POINT('',(2.927539462418,1.570186217163));
#4134 = CARTESIAN_POINT('',(2.713486271247,1.653969264583));
#4135 = CARTESIAN_POINT('',(2.499433080061,1.821533968476));
#4136 = CARTESIAN_POINT('',(2.285379888908,2.064696654303));
#4137 = CARTESIAN_POINT('',(2.07132669772,2.367062580238));
#4138 = CARTESIAN_POINT('',(1.857273506557,2.706097640445));
#4139 = CARTESIAN_POINT('',(1.643220315384,3.056980204754));
#4140 = CARTESIAN_POINT('',(1.429167124212,3.396036123074));
#4141 = ( GEOMETRIC_REPRESENTATION_CONTEXT(2) 
PARAMETRIC_REPRESENTATION_CONTEXT() REPRESENTATION_CONTEXT('2D SPACE',''
  ) );
#4142 = ORIENTED_EDGE('',*,*,#3656,.T.);
#4143 = ORIENTED_EDGE('',*,*,#3706,.T.);
#4144 = ORIENTED_EDGE('',*,*,#3755,.F.);
#4145 = ADVANCED_FACE('',(#4146),#3631,.F.);
#4146 = FACE_BOUND('',#4147,.F.);
#4147 = EDGE_LOOP('',(#4148,#4171,#4193,#4194,#4195,#4196,#4197,#4232));
#4148 = ORIENTED_EDGE('',*,*,#4149,.T.);
#4149 = EDGE_CURVE('',#3779,#4150,#4152,.T.);
#4150 = VERTEX_POINT('',#4151);
#4151 = CARTESIAN_POINT('',(-2.466842712475,6.48,14.625584412272));
#4152 = SEAM_CURVE('',#4153,(#4157,#4164),.PCURVE_S1.);
#4153 = LINE('',#4154,#4155);
#4154 = CARTESIAN_POINT('',(8.031021678298E-03,6.48,12.150710678119));
#4155 = VECTOR('',#4156,1.);
#4156 = DIRECTION('',(-0.707106781187,0.,0.707106781187));
#4157 = PCURVE('',#3631,#4158);
#4158 = DEFINITIONAL_REPRESENTATION('',(#4159),#4163);
#4159 = LINE('',#4160,#4161);
#4160 = CARTESIAN_POINT('',(6.28318530718,-0.));
#4161 = VECTOR('',#4162,1.);
#4162 = DIRECTION('',(0.,1.));
#4163 = ( GEOMETRIC_REPRESENTATION_CONTEXT(2) 
PARAMETRIC_REPRESENTATION_CONTEXT() REPRESENTATION_CONTEXT('2D SPACE',''
  ) );
#4164 = PCURVE('',#3631,#4165);
#4165 = DEFINITIONAL_REPRESENTATION('',(#4166),#4170);
#4166 = LINE('',#4167,#4168);
#4167 = CARTESIAN_POINT('',(0.,-0.));
#4168 = VECTOR('',#4169,1.);
#4169 = DIRECTION('',(0.,1.));
#4170 = ( GEOMETRIC_REPRESENTATION_CONTEXT(2) 
PARAMETRIC_REPRESENTATION_CONTEXT() REPRESENTATION_CONTEXT('2D SPACE',''
  ) );
#4171 = ORIENTED_EDGE('',*,*,#4172,.F.);
#4172 = EDGE_CURVE('',#4150,#4150,#4173,.T.);
#4173 = SURFACE_CURVE('',#4174,(#4179,#4186),.PCURVE_S1.);
#4174 = CIRCLE('',#4175,1.6);
#4175 = AXIS2_PLACEMENT_3D('',#4176,#4177,#4178);
#4176 = CARTESIAN_POINT('',(-3.598213562373,6.48,13.494213562373));
#4177 = DIRECTION('',(-0.707106781187,0.,0.707106781187));
#4178 = DIRECTION('',(0.707106781187,0.,0.707106781187));
#4179 = PCURVE('',#3631,#4180);
#4180 = DEFINITIONAL_REPRESENTATION('',(#4181),#4185);
#4181 = LINE('',#4182,#4183);
#4182 = CARTESIAN_POINT('',(0.,3.5));
#4183 = VECTOR('',#4184,1.);
#4184 = DIRECTION('',(1.,0.));
#4185 = ( GEOMETRIC_REPRESENTATION_CONTEXT(2) 
PARAMETRIC_REPRESENTATION_CONTEXT() REPRESENTATION_CONTEXT('2D SPACE',''
  ) );
#4186 = PCURVE('',#4092,#4187);
#4187 = DEFINITIONAL_REPRESENTATION('',(#4188),#4192);
#4188 = CIRCLE('',#4189,1.6);
#4189 = AXIS2_PLACEMENT_2D('',#4190,#4191);
#4190 = CARTESIAN_POINT('',(0.,0.));
#4191 = DIRECTION('',(1.,0.));
#4192 = ( GEOMETRIC_REPRESENTATION_CONTEXT(2) 
PARAMETRIC_REPRESENTATION_CONTEXT() REPRESENTATION_CONTEXT('2D SPACE',''
  ) );
#4193 = ORIENTED_EDGE('',*,*,#4149,.F.);
#4194 = ORIENTED_EDGE('',*,*,#3778,.T.);
#4195 = ORIENTED_EDGE('',*,*,#4108,.F.);
#4196 = ORIENTED_EDGE('',*,*,#3614,.T.);
#4197 = ORIENTED_EDGE('',*,*,#4198,.F.);
#4198 = EDGE_CURVE('',#3809,#3589,#4199,.T.);
#4199 = SURFACE_CURVE('',#4200,(#4205,#4225),.PCURVE_S1.);
#4200 = ELLIPSE('',#4201,2.262741699797,1.6);
#4201 = AXIS2_PLACEMENT_3D('',#4202,#4203,#4204);
#4202 = CARTESIAN_POINT('',(-3.365,6.48,13.261));
#4203 = DIRECTION('',(1.,0.,-0.));
#4204 = DIRECTION('',(0.,0.,1.));
#4205 = PCURVE('',#3631,#4206);
#4206 = DEFINITIONAL_REPRESENTATION('',(#4207),#4224);
#4207 = B_SPLINE_CURVE_WITH_KNOTS('',8,(#4208,#4209,#4210,#4211,#4212,
    #4213,#4214,#4215,#4216,#4217,#4218,#4219,#4220,#4221,#4222,#4223),
  .UNSPECIFIED.,.F.,.F.,(9,7,9),(1.429167124212,3.14159265359,
    4.854018182967),.UNSPECIFIED.);
#4208 = CARTESIAN_POINT('',(4.854018182967,3.396036123074));
#4209 = CARTESIAN_POINT('',(4.639964991795,3.056980204754));
#4210 = CARTESIAN_POINT('',(4.425911800623,2.706097640446));
#4211 = CARTESIAN_POINT('',(4.211858609448,2.367062580232));
#4212 = CARTESIAN_POINT('',(3.99780541825,2.064696654312));
#4213 = CARTESIAN_POINT('',(3.7837522271,1.821533968464));
#4214 = CARTESIAN_POINT('',(3.569699035934,1.653969264585));
#4215 = CARTESIAN_POINT('',(3.355645844762,1.570186217163));
#4216 = CARTESIAN_POINT('',(2.927539462418,1.570186217163));
#4217 = CARTESIAN_POINT('',(2.713486271247,1.653969264583));
#4218 = CARTESIAN_POINT('',(2.499433080061,1.821533968476));
#4219 = CARTESIAN_POINT('',(2.285379888908,2.064696654303));
#4220 = CARTESIAN_POINT('',(2.07132669772,2.367062580238));
#4221 = CARTESIAN_POINT('',(1.857273506557,2.706097640445));
#4222 = CARTESIAN_POINT('',(1.643220315384,3.056980204754));
#4223 = CARTESIAN_POINT('',(1.429167124212,3.396036123074));
#4224 = ( GEOMETRIC_REPRESENTATION_CONTEXT(2) 
PARAMETRIC_REPRESENTATION_CONTEXT() REPRESENTATION_CONTEXT('2D SPACE',''
  ) );
#4225 = PCURVE('',#3603,#4226);
#4226 = DEFINITIONAL_REPRESENTATION('',(#4227),#4231);
#4227 = ELLIPSE('',#4228,2.262741699797,1.6);
#4228 = AXIS2_PLACEMENT_2D('',#4229,#4230);
#4229 = CARTESIAN_POINT('',(3.671,-1.65));
#4230 = DIRECTION('',(1.,0.));
#4231 = ( GEOMETRIC_REPRESENTATION_CONTEXT(2) 
PARAMETRIC_REPRESENTATION_CONTEXT() REPRESENTATION_CONTEXT('2D SPACE',''
  ) );
#4232 = ORIENTED_EDGE('',*,*,#3808,.T.);
#4233 = ADVANCED_FACE('',(#4234),#3603,.T.);
#4234 = FACE_BOUND('',#4235,.T.);
#4235 = EDGE_LOOP('',(#4236,#4237,#4238,#4239));
#4236 = ORIENTED_EDGE('',*,*,#3887,.F.);
#4237 = ORIENTED_EDGE('',*,*,#3588,.T.);
#4238 = ORIENTED_EDGE('',*,*,#4198,.F.);
#4239 = ORIENTED_EDGE('',*,*,#3838,.F.);
#4240 = ADVANCED_FACE('',(#4241,#4244),#4092,.F.);
#4241 = FACE_BOUND('',#4242,.F.);
#4242 = EDGE_LOOP('',(#4243));
#4243 = ORIENTED_EDGE('',*,*,#4172,.T.);
#4244 = FACE_BOUND('',#4245,.F.);
#4245 = EDGE_LOOP('',(#4246));
#4246 = ORIENTED_EDGE('',*,*,#4077,.F.);
#4247 = ( GEOMETRIC_REPRESENTATION_CONTEXT(3) 
GLOBAL_UNCERTAINTY_ASSIGNED_CONTEXT((#4251)) 
GLOBAL_UNIT_ASSIGNED_CONTEXT((#4248,#4249,#4250)) REPRESENTATION_CONTEXT
('Context #1','3D Context with UNIT and UNCERTAINTY') );
#4248 = ( LENGTH_UNIT() NAMED_UNIT(*) SI_UNIT(.MILLI.,.METRE.) );
#4249 = ( NAMED_UNIT(*) PLANE_ANGLE_UNIT() SI_UNIT($,.RADIAN.) );
#4250 = ( NAMED_UNIT(*) SI_UNIT($,.STERADIAN.) SOLID_ANGLE_UNIT() );
#4251 = UNCERTAINTY_MEASURE_WITH_UNIT(LENGTH_MEASURE(1.E-07),#4248,
  'distance_accuracy_value','confusion accuracy');
#4252 = PRODUCT_RELATED_PRODUCT_CATEGORY('part',$,(#7));
ENDSEC;
END-ISO-10303-21;
